day,lot_number,title,estimate_low,estimate_high,current_bid,bid_count,image_count,url
day1,1423,"(10) PIECE CHINESE PORCELAIN COLLECTION",300,500,100,3,3,https://live.thomastonauction.com/auction-lot/10-piece-chinese-porcelain-collection_af88b04878
day1,1065,"(10) WEDGWOOD TRANSFERWARE BOWDOIN COLLEGE PLATES",200,300,50,3,2,https://live.thomastonauction.com/auction-lot/10-wedgwood-transferware-bowdoin-college-plates_1525e27146
day1,1294,,200,300,50,3,1,https://live.thomastonauction.com/auction-lot/11-pc-antique-tool-collection_9050a5faaf
day1,1041,"(12) MINTON CHINA DINNER SERVICE PLATES",300,500,100,3,3,https://live.thomastonauction.com/auction-lot/12-minton-china-dinner-service-plates_74d0a6a420
day1,1344,"(12) PALMER BACHELDERS & CO. COIN SILVER TEASPOONS",300,500,100,3,1,https://live.thomastonauction.com/auction-lot/12-palmer-bachelders-co-coin-silver-teaspoons_b665cad245
day1,1188,"(12 PC) VINTAGE BISQUE KEWPIE DOLL COLLECTION",300,500,100,3,4,https://live.thomastonauction.com/auction-lot/12-pc-vintage-bisque-kewpie-doll-collection_789a56aabd
day1,1496,"(14) MISC VOLS, SOME ARE SETS",300,400,100,3,1,https://live.thomastonauction.com/auction-lot/14-misc-vols-some-are-sets_23702dad38
day1,1063,"(15 PC) COPPER COOKWARE COLLECTION",800,1200,250,3,3,https://live.thomastonauction.com/auction-lot/15-pc-copper-cookware-collection_f2527c6c69
day1,1485,"1745 ZURICH BIBLE WITH ORNATE LEATHER BINDING, 1759 CALLIGRAPHY",500,700,100,3,3,https://live.thomastonauction.com/auction-lot/1745-zurich-bible-with-ornate-leather-binding-175_6402da8d4d
day1,1070,"1867 CURRIER & IVES LG FOLIO LITHO HARNESS RACING",800,1200,250,3,5,https://live.thomastonauction.com/auction-lot/1867-currier-ives-lg-folio-litho-harness-racing_9c9864b6a7
day1,1049,"18TH C. COPPER BED WARMER WITH BIRD",200,300,50,3,2,https://live.thomastonauction.com/auction-lot/18th-c-copper-bed-warmer-with-bird_a2dcb30e32
day1,1231,"18TH C. DRUM FORM SOLDIER'S CANTEEN",300,500,100,3,3,https://live.thomastonauction.com/auction-lot/18th-c-drum-form-soldiers-canteen_0f12c2e4b8
day1,1224,"1920'S CHILD SIZE BANJO, UNMARKED",200,300,50,3,3,https://live.thomastonauction.com/auction-lot/1920s-child-size-banjo-unmarked_ea140bdc2f
day1,1101,"1920S ERA MAHJONG SET IN WOODEN CASE",300,500,100,3,4,https://live.thomastonauction.com/auction-lot/1920s-era-mahjong-set-in-wooden-case_fb1c74bbd8
day1,1090,"1930 ERA PAINTED PINE FIGURE",600,800,250,3,3,https://live.thomastonauction.com/auction-lot/1930-era-painted-pine-figure_bd91dc85fe
day1,1195,"1950'S DOEPKE MODEL TOYS CATERPILLAR D6 BULLDOZER",200,300,50,3,3,https://live.thomastonauction.com/auction-lot/1950s-doepke-model-toys-caterpillar-d6-bulldozer_3736dfb898
day1,1430,"1982 NC WYETH POSTER",100,150,50,3,1,https://live.thomastonauction.com/auction-lot/1982-nc-wyeth-poster_48b4e24939
day1,1501,"1995 RUSSIAN SELF-PORTRAIT OF A MAN",300,400,100,3,5,https://live.thomastonauction.com/auction-lot/1995-russian-self-portrait-of-a-man_91c5372379
day1,1107,"19TH C. BONE INLAID ROSEWOOD LAP DESK",500,700,100,3,4,https://live.thomastonauction.com/auction-lot/19th-c-bone-inlaid-rosewood-lap-desk_9bc20215c0
day1,1015,"19TH C. BOSTON SCHOOL PORTRAIT OF A CHILD",700,900,250,3,4,https://live.thomastonauction.com/auction-lot/19th-c-boston-school-portrait-of-a-child_077473baf1
day1,1449,"19TH C. BRONZE BELL ON IRON SWING BRACKET",600,800,250,3,2,https://live.thomastonauction.com/auction-lot/19th-c-bronze-bell-on-iron-swing-bracket_64abae2b41
day1,1023,"19TH C. DUTCH SILVER MOUNTED PERFUME FLASK",300,400,100,3,2,https://live.thomastonauction.com/auction-lot/19th-c-dutch-silver-mounted-perfume-flask_525dc8afaf
day1,1016,"19TH C. FREE BLOWN GLASS GARDEN CLOCHE",300,500,100,3,1,https://live.thomastonauction.com/auction-lot/19th-c-free-blown-glass-garden-cloche_f3446bd8e8
day1,1187,"19TH C. MEXICAN SANTOS",300,500,100,3,3,https://live.thomastonauction.com/auction-lot/19th-c-mexican-santos_65dc589a36
day1,1397,"19TH C. MOUNTAIN LANDSCAPE PAINTING INITIALED 'WGS'",300,400,100,3,4,https://live.thomastonauction.com/auction-lot/19th-c-mountain-landscape-painting-initialed-wgs_58056245cf
day1,1384,"19TH C. NAIVE FARM VIEW, UPSTATE NEW YORK",300,400,100,3,4,https://live.thomastonauction.com/auction-lot/19th-c-naive-farm-view-upstate-new-york_2f151d16c7
day1,1293,"19TH C. PAINTED SHIPWRIGHT'S TOOL CHEST",400,600,100,3,3,https://live.thomastonauction.com/auction-lot/19th-c-painted-shipwrights-tool-chest_0e63279531
day1,1078,"19TH C. SCOTTISH BURR ROOT & PENWORK SNUFF BOX",300,500,100,3,3,https://live.thomastonauction.com/auction-lot/19th-c-scottish-burr-root-penwork-snuff-box_b5a6f31b44
day1,1194,"(2) 1930S TIN MODEL TRAIN BUILDINGS - LIONEL & MARKLIN",200,300,50,3,2,https://live.thomastonauction.com/auction-lot/2-1930s-tin-model-train-buildings-lionel-marklin_d908a3d77e
day1,1218,"(2) 1960'S BANJOS (ONE WITH CASE)",300,500,100,3,4,https://live.thomastonauction.com/auction-lot/2-1960s-banjos-one-with-case_ad520dc8af
day1,1291,"(2) ALTHEA MACY WHALE SPECIES WALL PLAQUES",200,300,50,3,1,https://live.thomastonauction.com/auction-lot/2-althea-macy-whale-species-wall-plaques_eae857aeb3
day1,1137,"(2) AMERICAN PARADOX POTTERY PIT-FIRED STUDIO CERAMIC VESSELS",400,600,100,3,2,https://live.thomastonauction.com/auction-lot/2-american-paradox-pottery-pit-fired-studio-ceram_ec20b4b80b
day1,1025,,400,600,100,3,2,https://live.thomastonauction.com/auction-lot/2-antique-british-antler-handled-walking-canes_65f4cf0e46
day1,1186,"(2) ANTIQUE HALLOWEEN GAMES PLUS NAPKINS & CARD",200,300,50,3,1,https://live.thomastonauction.com/auction-lot/2-antique-halloween-games-plus-napkins-card_bbd9a727f9
day1,1082,"(2) ARTISAN SIGNED TURNED WOOD VESSELS",300,500,100,3,3,https://live.thomastonauction.com/auction-lot/2-artisan-signed-turned-wood-vessels_9db65a32d7
day1,1216,"(2) BRITISH BESSONS BRASS MARCHING BAND FLUGELHORNS",300,500,100,3,3,https://live.thomastonauction.com/auction-lot/2-british-bessons-brass-marching-band-flugelhorns_ded0353a91
day1,1306,"(2) CASED GIMBALED MARINE COMPASSES",200,300,50,3,2,https://live.thomastonauction.com/auction-lot/2-cased-gimbaled-marine-compasses_23f4c80a4e
day1,1413,"(2) CHINESE BRONZE HAND MIRRORS",200,300,50,3,2,https://live.thomastonauction.com/auction-lot/2-chinese-bronze-hand-mirrors_e95a01966d
day1,1387,"(2) CHINESE PIGSKIN BOXES WITH MAKER'S SEAL",300,400,100,3,7,https://live.thomastonauction.com/auction-lot/2-chinese-pigskin-boxes-with-makers-seal_4678a073d9
day1,1487,"(2) EARLY BIBLE LEAVES",300,400,100,3,3,https://live.thomastonauction.com/auction-lot/2-early-bible-leaves_2eff252d7c
day1,1192,"(2) EARLY CAST IRON & PRESSED STEEL TOYS",200,300,50,3,1,https://live.thomastonauction.com/auction-lot/2-early-cast-iron-pressed-steel-toys_11e299072a
day1,1419,"(2) EARLY PEKING GLASS BOWLS",300,400,100,3,8,https://live.thomastonauction.com/auction-lot/2-early-peking-glass-bowls_f17544238c
day1,1047,"(2) EARLY WROUGHT IRON LADLES",200,300,50,3,2,https://live.thomastonauction.com/auction-lot/2-early-wrought-iron-ladles_c04922f976
day1,1059,"(2 PCS) CONTINENTAL COPPER COOKWARE",200,300,50,3,4,https://live.thomastonauction.com/auction-lot/2-pcs-continental-copper-cookware_ed750e1e4b
day1,1299,"(2 PCS) CULTURED PEARL SUITE",400,600,100,3,3,https://live.thomastonauction.com/auction-lot/2-pcs-cultured-pearl-suite_cef0800f1e
day1,1262,"(2) REMINGTON R1128 ""TRAPPER"" BULLET KNIVES",200,300,50,3,1,https://live.thomastonauction.com/auction-lot/2-remington-r1128-trapper-bullet-knives_e85ea5bf4e
day1,1139,"(2) RICHARD G. ROBERTSON (AMERICAN, 1943-2016) BIZEN-STYLE STONEWARE",300,500,100,3,5,https://live.thomastonauction.com/auction-lot/2-richard-g-robertson-american-1943-2016-bizen-st_875a3b45f4
day1,1481,"(2) TITLES IN (3 VOLS) BOOKS ON MINIATURE PAINTINGS",500,700,100,3,6,https://live.thomastonauction.com/auction-lot/2-titles-in-3-vols-books-on-miniature-paintings_8267a2a6e4
day1,1442,"(2) VINTAGE WOODEN COCA COLA CRATES",100,200,50,3,2,https://live.thomastonauction.com/auction-lot/2-vintage-wooden-coca-cola-crates_d477a14efc
day1,1352,"20TH C MORROCAN BRASS TRAY TABLETOP",300,400,100,3,3,https://live.thomastonauction.com/auction-lot/20th-c-morrocan-brass-tray-tabletop_014c119946
day1,1495,"(22) PRINTS AFTER WHEATLY: (15) ""CRIES OF LONDON"" & (7) OTHERS, 1920S RE-ISSUES UNFRAMED",300,400,100,3,3,https://live.thomastonauction.com/auction-lot/22-prints-after-wheatly-15-cries-of-london-7-othe_915259d9aa
day1,1476,"(28 VOL) SIGNED RUDYARD KIPLING BURWASH EDITION W/ DJ",3000,4000,1500,3,6,https://live.thomastonauction.com/auction-lot/28-vol-signed-rudyard-kipling-burwash-edition-w-dj_bb9de41b80
day1,1124,"(29) MINTON ENGLISH GILT RIM CHINA PLATES",300,500,100,3,2,https://live.thomastonauction.com/auction-lot/29-minton-english-gilt-rim-china-plates_eb011de714
day1,1491,"(29) VOLS SHAKESPEARE + (2) - YALE SHAKESPEARE",200,300,50,3,1,https://live.thomastonauction.com/auction-lot/29-vols-shakespeare-2-yale-shakespeare_0e80546bfc
day1,1233,"(3) 18TH-19TH C. NAVAL ARTILLERY IRON TOOLS",400,600,100,3,2,https://live.thomastonauction.com/auction-lot/3-18th-19th-c-naval-artillery-iron-tools_1e157b0e82
day1,1480,"(3) 1940'S SKETCHBOOKS BY DENNY SONKE WINTERS (NY/CA/ME/MI/MEXICO, 1905-1985)",600,800,250,3,3,https://live.thomastonauction.com/auction-lot/3-1940s-sketchbooks-by-denny-sonke-winters-ny-ca-_655b057101
day1,1027,"(3) ANTIQUE DECORATIVE PORCELAIN TOP WALKING CANES",600,800,250,3,4,https://live.thomastonauction.com/auction-lot/3-antique-decorative-porcelain-top-walking-canes_253df490d3
day1,1183,"(3) ANTIQUE HALLOWEEN LANTERNS",300,400,100,3,1,https://live.thomastonauction.com/auction-lot/3-antique-halloween-lanterns_3c3f916424
day1,1300,"(3) CARVED BONE FIGURES SAILOR MADE",200,300,50,3,1,https://live.thomastonauction.com/auction-lot/3-carved-bone-figures-sailor-made_564cc5c014
day1,1343,"(3) CHINESE JADE CARVINGS",250,350,50,3,2,https://live.thomastonauction.com/auction-lot/3-chinese-jade-carvings_6009592608
day1,1330,"(3) CHINESE JADE CARVINGS",250,350,50,3,4,https://live.thomastonauction.com/auction-lot/3-chinese-jade-carvings_e62d955f54
day1,1169,"(3 COPIES) ANDREW WYETH HELGA PRINT PORTFOLIOS",300,400,100,3,7,https://live.thomastonauction.com/auction-lot/3-copies-andrew-wyeth-helga-print-portfolios_86cd6315e5
day1,1477,"(3) EARLY MAPS OF EUROPE BY CARY",300,400,100,3,4,https://live.thomastonauction.com/auction-lot/3-early-maps-of-europe-by-cary_c84ae0654c
day1,1030,"(3) EARLY MASSACHUSETTS PORCELAIN LICENSE PLATES, 1904–1909",300,400,100,3,1,https://live.thomastonauction.com/auction-lot/3-early-massachusetts-porcelain-license-plates-19_0b1b79639c
day1,1147,"(3) ENGLISH ALDERMASTON POTTERY STUDIO CERAMIC ARTICLES",300,500,100,3,5,https://live.thomastonauction.com/auction-lot/3-english-aldermaston-pottery-studio-ceramic-arti_faab1a5a42
day1,1281,"(3) FOLK ART FISH DECOYS",200,300,50,3,2,https://live.thomastonauction.com/auction-lot/3-folk-art-fish-decoys_9ecf834f92
day1,1450,"(3) MID-20TH C. MINIATURE VIEWS OF SWITZERLAND",300,500,100,3,2,https://live.thomastonauction.com/auction-lot/3-mid-20th-c-miniature-views-of-switzerland_5eb498b184
day1,1113,"(3 PC) VINTAGE PAINTED WICKER FURNITURE SET",400,600,100,3,3,https://live.thomastonauction.com/auction-lot/3-pc-vintage-painted-wicker-furniture-set_881a053e2e
day1,1004,"(3 PCS) 1980'S WOMEN'S DESIGNER CLOTHING",100,200,50,3,4,https://live.thomastonauction.com/auction-lot/3-pcs-1980s-womens-designer-clothing_1b851eb801
day1,1379,"(3 PCS) CHINESE FAMILLE ROSE PORCELAIN JAR ON STAND",300,400,100,3,4,https://live.thomastonauction.com/auction-lot/3-pcs-chinese-famille-rose-porcelain-jar-on-stand_6b74024c5d
day1,1029,"(3 PCS) ROLLS-ROYCE PHANTOM I HANDBOOK, REGISTRATION AND LICENSE PLATE",600,800,250,3,1,https://live.thomastonauction.com/auction-lot/3-pcs-rolls-royce-phantom-i-handbook-registration_8f05a8ffba
day1,1245,"(3) REMINGTON R1253 ""GUIDE"" BULLET KNIVES",200,400,50,3,1,https://live.thomastonauction.com/auction-lot/3-remington-r1253-guide-bullet-knives_e7b0fbcac1
day1,1267,"(3) REMINGTON R1263 ""HUNTER"" BULLET KNIVES",100,200,50,3,2,https://live.thomastonauction.com/auction-lot/3-remington-r1263-hunter-bullet-knives_7a4c53fdf1
day1,1248,"(3) REMINGTON R293 ""HUNTER-TRADER-TRAPPER"" KNIVES",200,400,50,3,1,https://live.thomastonauction.com/auction-lot/3-remington-r293-hunter-trader-trapper-knives_08dd9a66f8
day1,1259,"(3) REMINGTON SHOTGUN COMMEMORATIVE KNIVES",200,300,50,3,1,https://live.thomastonauction.com/auction-lot/3-remington-shotgun-commemorative-knives_2361b5276c
day1,1200,"(32 PC) CAST STONE MARINE LIFE CHESS SET",300,500,100,3,5,https://live.thomastonauction.com/auction-lot/32-pc-cast-stone-marine-life-chess-set_55f60d0190
day1,1026,"(4) ANTIQUE GOLD-FILLED MOUNTED WALKING CANES",800,1000,250,3,3,https://live.thomastonauction.com/auction-lot/4-antique-gold-filled-mounted-walking-canes_2dcf646be3
day1,1208,"(4 PC) FOLK ART KINETIC TOY COLLECTION",200,300,50,3,2,https://live.thomastonauction.com/auction-lot/4-pc-folk-art-kinetic-toy-collection_2b2b0d1b3e
day1,1045,"(4 PCS) 19TH C. FRENCH COPPER COOKWARE",300,500,100,3,2,https://live.thomastonauction.com/auction-lot/4-pcs-19th-c-french-copper-cookware_fa6b9de127
day1,1252,"(4) REMINGTON R4243 ""CAMP"" BULLET KNIVES",200,400,125,3,1,https://live.thomastonauction.com/auction-lot/4-remington-r4243-camp-bullet-knives_60c3a8b29b
day1,1292,"(4) SAILOR-MADE IVORY OBJECTS & SMALL WHALES TOOTH",250,350,70,3,1,https://live.thomastonauction.com/auction-lot/4-sailor-made-ivory-objects-small-whales-tooth_d50eed7191
day1,1406,"(4) SMALL PAINTINGS BY JAMES MICKELSON (MA, 1926-1998)",500,700,100,3,6,https://live.thomastonauction.com/auction-lot/4-small-paintings-by-james-mickelson-ma-1926-1998_3bd76ba0ca
day1,1135,"(4) VINTAGE STUDIO POTTERY VESSELS, INCLUDING ANDREW HILL AND EUGENE DEUTSCH",300,500,100,3,4,https://live.thomastonauction.com/auction-lot/4-vintage-studio-pottery-vessels-including-andrew_18b6c9cdcb
day1,1061,"(5) 19TH C. GRADUATED BRASS PRESERVE PANS",500,700,100,3,1,https://live.thomastonauction.com/auction-lot/5-19th-c-graduated-brass-preserve-pans_5d8b8f1a82
day1,1210,"(5 PC) FOLK ART KINETIC TOY COLLECTION",200,300,50,3,1,https://live.thomastonauction.com/auction-lot/5-pc-folk-art-kinetic-toy-collection_a5f2c5066a
day1,1498,"(5 VOL SET) 1824 EDITION ""LE ROBINSON SUISSE"" BY MME DE MONTOLIEU (IN FRENCH)",350,450,100,3,2,https://live.thomastonauction.com/auction-lot/5-vol-set-1824-edition-le-robinson-suisse-by-mme-_8d73d735fe
day1,1499,"(5 VOLS COMPLETE) MASTERPIECES OF FRENCH ART",500,700,100,3,5,https://live.thomastonauction.com/auction-lot/5-vols-complete-masterpieces-of-french-art_85fa0f0d80
day1,1479,"(5 VOLS) FRENCH SALON YEARBOOKS 1889-1893",500,700,100,3,1,https://live.thomastonauction.com/auction-lot/5-vols-french-salon-yearbooks-1889-1893_d46dd33b98
day1,1182,"(6) ANTIQUE HALLOWEEN DECORATIONS BY H.E. LUHRS",200,300,50,3,2,https://live.thomastonauction.com/auction-lot/6-antique-halloween-decorations-by-h-e-luhrs_9920a40261
day1,1185,"(6) ANTIQUE HALLOWEEN DECORATIONS",250,350,50,3,1,https://live.thomastonauction.com/auction-lot/6-antique-halloween-decorations_0f1f1a511f
day1,1184,"(6) ANTIQUE HALLOWEEN DECORATIONS",350,450,100,3,2,https://live.thomastonauction.com/auction-lot/6-antique-halloween-decorations_244c2912a5
day1,1302,"(6) BOOKS ON SCRIMSHAW",100,150,50,3,1,https://live.thomastonauction.com/auction-lot/6-books-on-scrimshaw_f9cf931343
day1,1482,"(6) HANDPAINTED SCHOOL POSTERS RACIAL TYPES, CIRCA 1880",400,600,100,3,4,https://live.thomastonauction.com/auction-lot/6-handpainted-school-posters-racial-types-circa-1_ba08f8ff96
day1,1080,"(6 PC) DECO DESIGN MARBLE DESK SET WITH CLOCK",300,500,100,3,2,https://live.thomastonauction.com/auction-lot/6-pc-deco-design-marble-desk-set-with-clock_1aaa86a26f
day1,1179,"(8) EARLY MEDIUM FORMAT CHILDREN'S PICTURE BOOKS",250,350,50,3,3,https://live.thomastonauction.com/auction-lot/8-early-medium-format-childrens-picture-books_2f90a9e20c
day1,1493,"(8) EARLY NEW HAMPSHIRE DOCUMENTS FROM DISPLAY",300,400,100,3,2,https://live.thomastonauction.com/auction-lot/8-early-new-hampshire-documents-from-display_00671e16b5
day1,1037,"(80+) CALIFORNIA GRIDIRON PROGRAMS IN REMARKABLE CONDITION",400,600,100,3,2,https://live.thomastonauction.com/auction-lot/80-california-gridiron-programs-in-remarkable-con_2c343e58a3
day1,1428,"A.D. GREER (NY/TX/OK, 1904-1998)",500,700,100,3,4,https://live.thomastonauction.com/auction-lot/a-d-greer-ny-tx-ok-1904-1998_13e8de6c6a
day1,1446,"AFTER JEAN-JACQUES HENNER (FRANCE, 1829-1905)",500,700,100,3,3,https://live.thomastonauction.com/auction-lot/after-jean-jacques-henner-france-1829-1905_3834977729
day1,1150,"AFTER PABLO PICASSO (FRANCE/SPAIN, 1881-1973)",500,700,100,3,6,https://live.thomastonauction.com/auction-lot/after-pablo-picasso-france-spain-1881-1973_6f177bc894
day1,1191,"AMANDA BREWSTER (LYDIA) SEWELL (NY/ITALY, 1859-1926)",400,600,100,3,5,https://live.thomastonauction.com/auction-lot/amanda-brewster-lydia-sewell-ny-italy-1859-1926_30f848df5f
day1,1199,"AMERICAN STILL LIFE OF FISH, UNFRAMED",300,400,100,3,3,https://live.thomastonauction.com/auction-lot/american-still-life-of-fish-unframed_1c6885f21c
day1,1393,"AMERICAN WESTERN SUBJECT PAINTING, 1930'S",300,400,100,3,4,https://live.thomastonauction.com/auction-lot/american-western-subject-painting-1930s_ec0415dad9
day1,1376,"ANATOLIAN KELIM (5'6"" x 12'6"")",600,800,250,3,5,https://live.thomastonauction.com/auction-lot/anatolian-kelim-56-x-126_1b1b2d987a
day1,1116,"ANDRE (GITTELON) GISSON (NY/CT/FRANCE, 1921-2003)",700,900,250,3,3,https://live.thomastonauction.com/auction-lot/andre-gittelon-gisson-ny-ct-france-1921-2003_b5be346c91
day1,1164,"ANDREW WYETH (AMERICAN, 1917–2009), COLLOGRAPH PRINT, ""END OF OLSON'S""",300,500,100,3,3,https://live.thomastonauction.com/auction-lot/andrew-wyeth-american-1917-2009-collograph-print-_410bf95f73
day1,1163,"ANDREW WYETH (AMERICAN, 1917–2009), GICLEE PRINT, ""HER ROOM""",400,600,100,3,2,https://live.thomastonauction.com/auction-lot/andrew-wyeth-american-1917-2009-giclee-print-her-_3180171b5e
day1,1171,"ANDREW WYETH (AMERICAN, 1917–2009), PRINT, ALBERT'S SON",200,300,50,3,2,https://live.thomastonauction.com/auction-lot/andrew-wyeth-american-1917-2009-print-alberts-son_b2f46256e2
day1,1166,"ANDREW WYETH (AMERICAN, 1917–2009), PRINT, BLUE DOOR OLSON HOUSE",300,400,100,3,2,https://live.thomastonauction.com/auction-lot/andrew-wyeth-american-1917-2009-print-blue-door-o_9841c25576
day1,1168,"ANDREW WYETH (AMERICAN, 1917–2009), PRINT, ""COLD SPRING""",300,400,100,3,2,https://live.thomastonauction.com/auction-lot/andrew-wyeth-american-1917-2009-print-cold-spring_f17bdd4e42
day1,1165,"ANDREW WYETH (AMERICAN, 1917–2009), PRINT, ""GERANIUMS""",300,400,100,3,4,https://live.thomastonauction.com/auction-lot/andrew-wyeth-american-1917-2009-print-geraniums_3578aa88dc
day1,1167,"ANDREW WYETH (AMERICAN, 1917–2009), PRINT, THE PATRIOT",300,400,100,3,2,https://live.thomastonauction.com/auction-lot/andrew-wyeth-american-1917-2009-print-the-patriot_4ab09de8c8
day1,1170,"ANDREW WYETH (AMERICAN, 1917–2009), PRINT, ""WOLF RIVER""",200,300,50,3,2,https://live.thomastonauction.com/auction-lot/andrew-wyeth-american-1917-2009-print-wolf-river_1b9ae3c2a0
day1,1160,"ANDREW WYETH (PA/ME, 1917-2009)",300,400,100,3,6,https://live.thomastonauction.com/auction-lot/andrew-wyeth-pa-me-1917-2009_0314ca4a93
day1,1435,"ANDREW WYETH (PA/ME, 1917-2009)",200,300,50,3,2,https://live.thomastonauction.com/auction-lot/andrew-wyeth-pa-me-1917-2009_0c738e1388
day1,1436,"ANDREW WYETH (PA/ME, 1917-2009)",200,300,50,3,2,https://live.thomastonauction.com/auction-lot/andrew-wyeth-pa-me-1917-2009_0fe40f44c0
day1,1434,"ANDREW WYETH (PA/ME, 1917-2009)",200,300,50,3,2,https://live.thomastonauction.com/auction-lot/andrew-wyeth-pa-me-1917-2009_5444d78d0d
day1,1439,"ANDREW WYETH (PA/ME, 1917-2009)",200,300,50,3,2,https://live.thomastonauction.com/auction-lot/andrew-wyeth-pa-me-1917-2009_556f688b66
day1,1159,"ANDREW WYETH (PA/ME, 1917-2009)",300,400,100,3,3,https://live.thomastonauction.com/auction-lot/andrew-wyeth-pa-me-1917-2009_571088dc09
day1,1172,"ANDREW WYETH (PA/ME, 1917-2009)",300,500,100,3,4,https://live.thomastonauction.com/auction-lot/andrew-wyeth-pa-me-1917-2009_613c2dbc16
day1,1433,"ANDREW WYETH (PA/ME, 1917-2009)",200,300,50,3,2,https://live.thomastonauction.com/auction-lot/andrew-wyeth-pa-me-1917-2009_752c60e8f7
day1,1431,"ANDREW WYETH (PA/ME, 1917-2009)",200,300,50,3,1,https://live.thomastonauction.com/auction-lot/andrew-wyeth-pa-me-1917-2009_7b0312d579
day1,1437,"ANDREW WYETH (PA/ME, 1917-2009)",200,300,50,3,2,https://live.thomastonauction.com/auction-lot/andrew-wyeth-pa-me-1917-2009_ab85b7d43f
day1,1438,"ANDREW WYETH (PA/ME, 1917-2009)",200,300,50,3,2,https://live.thomastonauction.com/auction-lot/andrew-wyeth-pa-me-1917-2009_b0c6e7f4ba
day1,1432,"ANDREW WYETH (PA/ME, 1917-2009)",200,300,50,3,3,https://live.thomastonauction.com/auction-lot/andrew-wyeth-pa-me-1917-2009_b17be38080
day1,1440,"ANDREW WYETH (PA/ME, 1917-2009)",200,300,50,3,2,https://live.thomastonauction.com/auction-lot/andrew-wyeth-pa-me-1917-2009_b8fb81a8c0
day1,1161,"ANDREW WYETH (PA/ME, 1917-2009)",200,300,50,3,1,https://live.thomastonauction.com/auction-lot/andrew-wyeth-pa-me-1917-2009_ea3a126d06
day1,1158,"ANDREW WYETH (PA/ME, 1917-2009)",400,600,100,3,3,https://live.thomastonauction.com/auction-lot/andrew-wyeth-pa-me-1917-2009_f705f55e89
day1,1427,"ANNAMESE BLUE AND WHITE CHARGER",200,300,50,3,6,https://live.thomastonauction.com/auction-lot/annamese-blue-and-white-charger_ac738e9f11
day1,1474,"ANTHONY THIEME (MA/CA, 1888-1954)",300,400,100,3,3,https://live.thomastonauction.com/auction-lot/anthony-thieme-ma-ca-1888-1954_39254dff8e
day1,1461,"ANTHONY THIEME (MA/CA, 1888-1954)",300,400,100,3,3,https://live.thomastonauction.com/auction-lot/anthony-thieme-ma-ca-1888-1954_7264c7cf55
day1,1074,"ANTIQUE BRASS BOUND LOG MEASURING CALIPERS",200,300,50,3,2,https://live.thomastonauction.com/auction-lot/antique-brass-bound-log-measuring-calipers_073d367445
day1,1012,"ANTIQUE BRONZE MOUNTED CERAMIC EASTER EGG BOX",300,500,100,3,4,https://live.thomastonauction.com/auction-lot/antique-bronze-mounted-ceramic-easter-egg-box_46721d59bd
day1,1088,"ANTIQUE WATCHMAKER TOOLS AND PARTS COLLECTION",300,500,100,3,2,https://live.thomastonauction.com/auction-lot/antique-watchmaker-tools-and-parts-collection_a9f2e73203
day1,1178,"ANTONIO RUIZ (MEXICO, 1897-1964)",500,700,100,3,4,https://live.thomastonauction.com/auction-lot/antonio-ruiz-mexico-1897-1964_cffaeb8a40
day1,1098,"ART DECO BRONZE STATUE OF STANDING WOMAN, INITIALED ""CEL""",300,500,100,3,3,https://live.thomastonauction.com/auction-lot/art-deco-bronze-statue-of-standing-woman-initiale_e708fcbfa3
day1,1465,"ART DECO GOUACHE OF BIRDS BY ADAMS",300,400,100,3,2,https://live.thomastonauction.com/auction-lot/art-deco-gouache-of-birds-by-adams_3e644b083e
day1,1010,"ART DECO IVORY BLOTTER & MONOGRAMMED PAPER WEIGHT",200,300,50,3,1,https://live.thomastonauction.com/auction-lot/art-deco-ivory-blotter-monogrammed-paper-weight_39104b8de4
day1,1033,"ART NOUVEAU ALVIN SILVER OVERLAY GREEN GLASS VASE",300,400,100,3,2,https://live.thomastonauction.com/auction-lot/art-nouveau-alvin-silver-overlay-green-glass-vase_c56cc9b55b
day1,1038,"ARTHUR BEAUMONT (NY, 1877-1956)",300,400,100,3,4,https://live.thomastonauction.com/auction-lot/arthur-beaumont-ny-1877-1956_4441624d80
day1,1034,"AUGUST MOSCA (NY/ITALY, 1907-2003)",300,400,100,3,4,https://live.thomastonauction.com/auction-lot/august-mosca-ny-italy-1907-2003_9a52534cce
day1,1148,"AUSTIN MERRILL MECKLEM (NY/WA, 1894-1951)",1200,1500,600,3,3,https://live.thomastonauction.com/auction-lot/austin-merrill-mecklem-ny-wa-1894-1951_a83834def1
day1,1225,"AVRAHAM SHEMI-SHOHAM (ISRAEL, 1935 - )",250,350,50,3,2,https://live.thomastonauction.com/auction-lot/avraham-shemi-shoham-israel-1935_4852d21a75
day1,1290,"AXEL OLSON HALDRUP (DENMARK, 1890-1977)",600,800,250,3,4,https://live.thomastonauction.com/auction-lot/axel-olson-haldrup-denmark-1890-1977_2fbf1bc7b8
day1,1238,"BATTISTA RIZZINI S782 EMEL O/U SHOTGUN, 20 GA",10000,15000,5000,3,6,https://live.thomastonauction.com/auction-lot/battista-rizzini-s782-emel-o-u-shotgun-20-ga_7276fbf66c
day1,1235,"BERETTA 687 SILVER PIGEON III, 28 GA",2000,2500,1000,3,5,https://live.thomastonauction.com/auction-lot/beretta-687-silver-pigeon-iii-28-ga_1fb2d67101
day1,1239,"BERETTA A400 XTREME UNICO SHOTGUN, 12 GA",800,1200,450,3,5,https://live.thomastonauction.com/auction-lot/beretta-a400-xtreme-unico-shotgun-12-ga_03a3ccb433
day1,1237,"BERETTA SILVER PIGEON, 12 GA",1500,2000,750,3,6,https://live.thomastonauction.com/auction-lot/beretta-silver-pigeon-12-ga_523bf77aa0
day1,1092,"BLACK FOREST WALNUT ""DON QUIXOTE"" BOOKENDS",300,400,100,3,1,https://live.thomastonauction.com/auction-lot/black-forest-walnut-don-quixote-bookends_a6e75e4f33
day1,1096,"BORJE SKOHG (SWEDEN, 1923-2006)",300,400,100,3,2,https://live.thomastonauction.com/auction-lot/borje-skohg-sweden-1923-2006_61011558f2
day1,1103,"BRASS BOUND MAHOGANY HUMIDOR",300,500,100,3,4,https://live.thomastonauction.com/auction-lot/brass-bound-mahogany-humidor_d0209a5210
day1,1039,"BRASS BOUND ROSEWOOD WRITING BOX",200,300,50,3,3,https://live.thomastonauction.com/auction-lot/brass-bound-rosewood-writing-box_bb23797313
day1,1180,"BRONZE BULL SCULPTURE",600,800,250,3,2,https://live.thomastonauction.com/auction-lot/bronze-bull-sculpture_d21d580a48
day1,1388,"BRUCE BACKMAN TURNER (MA, 1941 - )",300,400,100,3,4,https://live.thomastonauction.com/auction-lot/bruce-backman-turner-ma-1941_626d68c920
day1,1264,"CANADA GOOSE DECOY, SWIMMING",300,400,100,3,2,https://live.thomastonauction.com/auction-lot/canada-goose-decoy-swimming_787f1f7d7d
day1,1348,"CAPLAN MID-CENTURY BEACH HOUSE SCENE",300,400,100,3,3,https://live.thomastonauction.com/auction-lot/caplan-mid-century-beach-house-scene_2310304594
day1,1114,"CARL GUSTAF SIMON NELSON (MA/ME/SWEDEN, 1898-1988)",800,1200,250,3,4,https://live.thomastonauction.com/auction-lot/carl-gustaf-simon-nelson-ma-me-sweden-1898-1988_a5990e88c8
day1,1085,"CASED E.O. RICHTER & CO. PRECISION DRAFTING TOOL SET",300,400,100,3,3,https://live.thomastonauction.com/auction-lot/cased-e-o-richter-co-precision-drafting-tool-set_78bcb3f8c0
day1,1115,"CASED ENGLISH (5 PC) STERLING SILVER CONDIMENT SET",300,500,100,3,3,https://live.thomastonauction.com/auction-lot/cased-english-5-pc-sterling-silver-condiment-set_4a42557fef
day1,1398,"CASED SET OF (18) CHINESE PORCELAIN WARRIORS VASES",300,400,100,3,4,https://live.thomastonauction.com/auction-lot/cased-set-of-18-chinese-porcelain-warriors-vases_3fceb8a865
day1,1396,"CASED SET OF (18) CHINESE PORCELAIN WARRIORS VASES",300,400,100,3,4,https://live.thomastonauction.com/auction-lot/cased-set-of-18-chinese-porcelain-warriors-vases_af1ce8d942
day1,1394,"CASED SET OF (18) CHINESE PORCELAIN WARRIORS VASES",300,400,100,3,3,https://live.thomastonauction.com/auction-lot/cased-set-of-18-chinese-porcelain-warriors-vases_bb06a240b3
day1,1084,"CAST BRONZE HOUSE SIGN WITH PHEASANT THEME",350,450,100,3,1,https://live.thomastonauction.com/auction-lot/cast-bronze-house-sign-with-pheasant-theme_b079d2dac6
day1,1060,"CECIL VEZIN GRANT (NJ. 1880-1973)",400,600,100,3,4,https://live.thomastonauction.com/auction-lot/cecil-vezin-grant-nj-1880-1973_e701b62584
day1,1072,"CENTENNIAL CHIPPENDALE PIE CRUST TEA TABLE",600,800,250,3,3,https://live.thomastonauction.com/auction-lot/centennial-chippendale-pie-crust-tea-table_b6d2899a2d
day1,1110,"CHARLES HERBERT WOODBURY (ME/MA, 1864-1940)",800,1200,250,3,3,https://live.thomastonauction.com/auction-lot/charles-herbert-woodbury-me-ma-1864-1940_8f99fb5094
day1,1108,"CHARLES STEPULE (CT/MA, 1911-2006)",800,1200,250,3,4,https://live.thomastonauction.com/auction-lot/charles-stepule-ct-ma-1911-2006_862528d12f
day1,1125,"CHARLES WARDE TRAVER (NY/NJ, 1870-1945)",1000,2000,500,3,4,https://live.thomastonauction.com/auction-lot/charles-warde-traver-ny-nj-1870-1945_48959cce73
day1,1254,"CHARLIE JOINER (MD, 1921-2015) DUCK DECOY",300,500,100,3,3,https://live.thomastonauction.com/auction-lot/charlie-joiner-md-1921-2015-duck-decoy_99b8ea77da
day1,1286,"CHINA TRADE PAINTING OF US SCHOONER ENTERING PORT",2000,3000,1000,3,3,https://live.thomastonauction.com/auction-lot/china-trade-painting-of-us-schooner-entering-port_ee183e585a
day1,1353,"CHINESE BLANC DE CHINE FIGURE OF BODHIDHARMA ON THE WAVES",200,300,50,3,6,https://live.thomastonauction.com/auction-lot/chinese-blanc-de-chine-figure-of-bodhidharma-on-t_3f4b2234d9
day1,1400,"CHINESE BRONZE DING",700,900,100,3,6,https://live.thomastonauction.com/auction-lot/chinese-bronze-ding_4b54e4145a
day1,1407,"CHINESE 'CARP' PORCELAIN PLAQUE ATTRIBUTED TO DENG BISHAN (CHINA, 1874-1930)",300,400,100,3,4,https://live.thomastonauction.com/auction-lot/chinese-carp-porcelian-plaque-attributed-to-deng-_346691d4d2
day1,1328,"CHINESE CARVED WOOD FIGURE OF GUANYIN WITH ROCK",300,500,100,3,4,https://live.thomastonauction.com/auction-lot/chinese-carved-wood-figure-of-guanyin-with-rock_41c2409301
day1,1347,"CHINESE CRACKLE GLAZE VASE",300,400,100,3,6,https://live.thomastonauction.com/auction-lot/chinese-crackle-glaze-vase_2687765b7e
day1,1402,"CHINESE ELM & GLASS TOP COFFEE TABLE",300,400,100,3,2,https://live.thomastonauction.com/auction-lot/chinese-elm-glass-top-coffee-table_a48126a476
day1,1385,"CHINESE EXPORT LEATHER CLAD CAMPHOR WOOD TRUNK",200,300,50,3,4,https://live.thomastonauction.com/auction-lot/chinese-export-leather-clad-camphor-wood-trunk_4516e82e1c
day1,1339,"CHINESE EXPORT PEWTER TEA CADDY WITH TEA LEAVES",250,350,50,3,2,https://live.thomastonauction.com/auction-lot/chinese-export-pewter-tea-caddy-with-tea-leaves_201b1fb57e
day1,1371,"CHINESE LONGQUAN STYLE CELADON BOWL",500,750,100,3,3,https://live.thomastonauction.com/auction-lot/chinese-footed-bowl_2749e483c8
day1,1373,"CHINESE FOOTED CENSER",300,400,100,3,4,https://live.thomastonauction.com/auction-lot/chinese-footed-censer_2e18405f9d
day1,1375,"CHINESE GLOBULAR DRAGON & PHOENIX VASE",300,400,100,3,5,https://live.thomastonauction.com/auction-lot/chinese-globular-dragon-phoenix-vase_37ee3550e0
day1,1367,"CHINESE GLOBULAR PORCELAIN VASE",300,400,100,3,4,https://live.thomastonauction.com/auction-lot/chinese-globular-porcelain-vase_4b7cc4f766
day1,1341,"CHINESE MING DYNASTY STYLE BLUE AND WHITE MEIPING VASE",200,300,50,3,2,https://live.thomastonauction.com/auction-lot/chinese-ming-dynasty-style-blue-and-white-meiping_8eeaec0d49
day1,1360,"CHINESE MUSTARD GLAZED BALUSTER VASE",300,400,100,3,6,https://live.thomastonauction.com/auction-lot/chinese-mustard-glazed-baluster-vase_3eb94f95b2
day1,1415,"CHINESE PAKTONG INK BOX",200,300,50,3,2,https://live.thomastonauction.com/auction-lot/chinese-paktong-ink-box_9cedea7bd8
day1,1417,"CHINESE PEKING GLASS BOWL",300,400,100,3,4,https://live.thomastonauction.com/auction-lot/chinese-peking-glass-bowl_222ec7be99
day1,1361,"CHINESE PORCELAIN BALUSTER VASE",300,400,100,3,4,https://live.thomastonauction.com/auction-lot/chinese-porcelain-baluster-vase_25bce582e9
day1,1358,"CHINESE PORCELAIN BALUSTER VASE",300,400,100,3,7,https://live.thomastonauction.com/auction-lot/chinese-porcelain-baluster-vase_ccb19b1693
day1,1377,"CHINESE PORCELAIN BALUSTER VASE",300,400,100,3,6,https://live.thomastonauction.com/auction-lot/chinese-porcelain-baluster-vase_d44ff2c3b1
day1,1363,"CHINESE PORCELAIN GLOBULAR VASE",300,400,100,3,5,https://live.thomastonauction.com/auction-lot/chinese-porcelain-globular-vase_6dac4fc735
day1,1345,"CHINESE PORCELAIN LOW VASE",300,400,100,3,4,https://live.thomastonauction.com/auction-lot/chinese-porcelain-low-vase_7fcf2423c8
day1,1369,"CHINESE PORCELAIN ""NINE PEACHES"" CHARGER",300,400,100,3,6,https://live.thomastonauction.com/auction-lot/chinese-porcelain-nine-peaches-charger_b4b88c6909
day1,1365,"CHINESE PORCELAIN PEAR SHAPED VASE",300,400,100,3,6,https://live.thomastonauction.com/auction-lot/chinese-porcelain-pear-shaped-vase_4b8167dc81
day1,1351,"CHINESE PORCELAIN VASE",300,400,100,3,8,https://live.thomastonauction.com/auction-lot/chinese-porcelain-vase_4533f24478
day1,1429,"CHINESE BLUE AND WHITE POTTERY BOWL",300,400,100,3,4,https://live.thomastonauction.com/auction-lot/chinese-pottery-bowl_afc2772375
day1,1355,"CHINESE RECTANGULAR BOTTLE VASE",300,400,100,3,5,https://live.thomastonauction.com/auction-lot/chinese-rectangular-bottle-vase_b107a602ca
day1,1333,"CHINESE SHIWAN IMMORTAL FIGURE",200,300,50,3,3,https://live.thomastonauction.com/auction-lot/chinese-shiwan-immortal-figure_ee0dc9775b
day1,1349,"CHINESE SHIWAN IMMORTAL FIGURINE",200,300,50,3,3,https://live.thomastonauction.com/auction-lot/chinese-shiwan-immortal-figurine_4d14fa0d89
day1,1337,"CHINESE SHIWAN PORCELAIN FIGURINE",200,300,50,3,4,https://live.thomastonauction.com/auction-lot/chinese-shiwan-porcelain-figurine_ab8e229da4
day1,1389,"CHINESE STYLE COFFEE TABLE",200,300,50,3,2,https://live.thomastonauction.com/auction-lot/chinese-style-coffee-table_c831f4ba96
day1,1411,"CHINESE TABLE SCREEN WITH CARVED JADE PANELS",400,500,100,3,3,https://live.thomastonauction.com/auction-lot/chinese-table-screen-with-carved-jade-panels_a1a198656a
day1,1356,"CHINESE YELLOW GROUND BULBOUS VASE",300,400,100,3,6,https://live.thomastonauction.com/auction-lot/chinese-yellow-ground-bulbous-vase_add50ffece
day1,1421,"CHINESE YUE WARE STYLE CELADON WINE EWER",200,300,50,3,4,https://live.thomastonauction.com/auction-lot/chinese-yue-ware-style-celadon-wine-ewer_208a61c809
day1,1492,"CIRCA 1830 HANDWRITTEN COOKBOOK",200,300,50,3,3,https://live.thomastonauction.com/auction-lot/circa-1830-handwritten-cookbook_69939ad8ce
day1,1204,"CIRCA 1870'S CHILD RIDING HORSE GLIDER",500,700,100,3,4,https://live.thomastonauction.com/auction-lot/circa-1870s-child-riding-horse-glider_64e533a5a6
day1,1132,"CIRCA 1890 WALDOBORO, ME FIRE CHIEF BELT",300,500,100,3,2,https://live.thomastonauction.com/auction-lot/circa-1890-waldoboro-me-fire-chief-belt_2f4ab1b6d0
day1,1006,"CIRCA 1900 DIMINUTIVE OAK ICEBOX",300,500,100,3,3,https://live.thomastonauction.com/auction-lot/circa-1900-diminutive-oak-icebox_7fd5819901
day1,1076,"CIRCA 1925 GALLERY HYGROMETER BY FRIEZ",300,400,100,3,3,https://live.thomastonauction.com/auction-lot/circa-1925-gallery-hygrometer-by-friez_44f6f926a6
day1,1416,"COAN OIL OF COASTAL HOUSES",250,350,50,3,4,https://live.thomastonauction.com/auction-lot/coan-oil-of-coastal-houses_3d4a3a47df
day1,1055,"COPPER & BRASS COUNTERTOP BEVERAGE DISPENSER",200,300,50,3,2,https://live.thomastonauction.com/auction-lot/copper-brass-countertop-beverage-dispenser_cff710d536
day1,1451,"COPPER PLAQUE WITH REPOUSSE CLASSICAL FIGURES",200,300,50,3,3,https://live.thomastonauction.com/auction-lot/copper-plaque-with-repousse-classical-figures_ac48e3c35d
day1,1202,"COR-COR TOYS PRESSED STEEL CHRYSLER AIR FLOW CAR",300,500,100,3,2,https://live.thomastonauction.com/auction-lot/cor-cor-toys-pressed-steel-chrysler-air-flow-car_3ba4205707
day1,1454,"CORNELIA COWLES VETTER (1880–1957), HARBOR SCENE",300,500,100,3,4,https://live.thomastonauction.com/auction-lot/cornelia-cowles-vetter-1880-1957-harbor-scene_29b28cd71d
day1,1071,"CURRIER & IVES HARNESS RACING HORSE",300,400,100,3,2,https://live.thomastonauction.com/auction-lot/currier-ives-harness-racing-horse_4ebed2164e
day1,1067,"CURRIER & IVES PRINT OF WASHINGTON",300,400,100,3,3,https://live.thomastonauction.com/auction-lot/currier-ives-print-of-washington_daac6025a3
day1,1475,"DAGHESTAN PRAYER RUG (3'3""X4'6"")",500,700,100,3,4,https://live.thomastonauction.com/auction-lot/daghestan-prayer-rug-33-x46_c9c8c2d470
day1,1494,"DANISH ROYAL APPOINTMENT, SIGNED BY THE KING & QUEEN, 1976",200,300,50,3,5,https://live.thomastonauction.com/auction-lot/danish-royal-appointment-signed-by-the-king-queen_f53e026964
day1,1244,"DAVE PLEWES (LIVERPOOL, NY 1928-2009) (3 PR) MINIATURE DUCK DECOYS",2000,3000,1000,3,4,https://live.thomastonauction.com/auction-lot/dave-plewes-liverpool-ny-1928-2009-3-pr-miniature_918894f334
day1,1258,"DECOYS UNLIMITED CANADA GOOSE DECOY",300,400,100,3,3,https://live.thomastonauction.com/auction-lot/decoys-unlimited-canada-goose-decoy_bcb8178b70
day1,1336,"DMITRY BORISOVITCH LION (RUSSIA, 1925-1993)",1000,1500,500,3,3,https://live.thomastonauction.com/auction-lot/dmitry-borisovitch-lion-russia-1925-1993_a88f564c82
day1,1054,"DONALD ARVID EALY (CA/WA, 1938-2007)",400,600,100,3,3,https://live.thomastonauction.com/auction-lot/donald-arvid-ealy-ca-wa-1938-2007_48f18fa097
day1,1058,"DONALD ARVID EALY (CA/WA, 1938-2007)",400,600,100,3,4,https://live.thomastonauction.com/auction-lot/donald-arvid-ealy-ca-wa-1938-2007_b4460ec4ec
day1,1091,"DONALD ARVID EALY (CA/WA, 1938-2007)",600,800,250,3,3,https://live.thomastonauction.com/auction-lot/donald-arvid-ealy-ca-wa-1938-2007_c806225f50
day1,1089,"DONALD ARVID EALY (CA/WA, 1938-2007)",600,800,250,3,2,https://live.thomastonauction.com/auction-lot/donald-arvid-ealy-ca-wa-1938-2007_f9ab980421
day1,1359,"E. WENZEL MINIATURE PORTRAIT",500,700,100,3,3,https://live.thomastonauction.com/auction-lot/e-wenzel-miniature-portrait_cd6b49b302
day1,1109,"EARLY 19TH C. PAINTED BOX WITH SECRET DRAWERS",200,300,50,3,3,https://live.thomastonauction.com/auction-lot/early-19th-c-painted-box-with-secret-drawers_7522cd0858
day1,1489,"EARLY VELLUM DIPLOMA",100,200,50,3,5,https://live.thomastonauction.com/auction-lot/early-vellum-diploma_f45d97ead1
day1,1466,"EDOUARD FEBVRE (FRANCE, 1885-1967)",300,400,100,3,4,https://live.thomastonauction.com/auction-lot/edouard-febvre-france-1885-1967_0dd5918d61
day1,1219,"EDWARD A. PAGE (MA, 1850-1928)",500,700,100,3,4,https://live.thomastonauction.com/auction-lot/edward-a-page-ma-1850-1928_736ff7030b
day1,1452,"EDWIN A. HARVEY WATERCOLOR",200,300,50,3,6,https://live.thomastonauction.com/auction-lot/edwin-a-harvey-watercolor_38e679b533
day1,1205,"ELIZABETH E. CASE (NY, 1858-1951)",600,800,250,3,3,https://live.thomastonauction.com/auction-lot/elizabeth-e-case-ny-1858-1951_b4fc07f27a
day1,1120,"ELVIS PRESLEY SCARF & UNUSED 8/18/77 PORTLAND ME CONCERT TICKET",300,500,100,3,3,https://live.thomastonauction.com/auction-lot/elvis-presley-scarf-unused-8-18-77-portland-me-co_5918cd9f1a
day1,1127,"EMILY EVELETH (CT, 1960 - )",1200,1500,600,3,5,https://live.thomastonauction.com/auction-lot/emily-eveleth-ct-1960_851d7dcfb9
day1,1471,"F. HOCHSTEIN (BERKELEY ARTIST), ABSTRACT CITYSCAPE, 1964",300,500,100,3,3,https://live.thomastonauction.com/auction-lot/f-hochstein-berkeley-artist-abstract-cityscape-19_4c0b1ff93f
day1,1052,"F. MICHAEL WOOD (CONTEMPORARY CA)",400,600,100,3,4,https://live.thomastonauction.com/auction-lot/f-michael-wood-contemporary-ca_20c0177830
day1,1044,"F. MICHAEL WOOD (CONTEMPORARY CA)",400,600,100,3,3,https://live.thomastonauction.com/auction-lot/f-michael-wood-contemporary-ca_3bf825073c
day1,1056,"F. MICHAEL WOOD (CONTEMPORARY CA)",400,600,100,3,3,https://live.thomastonauction.com/auction-lot/f-michael-wood-contemporary-ca_caaf7f9947
day1,1040,"F. MICHAEL WOOD (CONTEMPORARY CA)",400,600,100,3,4,https://live.thomastonauction.com/auction-lot/f-michael-wood-contemporary-ca_e4af38be7c
day1,1222,"FENDER CD60CE BLACK ACOUSTIC/ELECTRIC GUITAR IN CASE",200,300,50,3,5,https://live.thomastonauction.com/auction-lot/fender-cd60ce-black-acoustic-electric-guitar-in-c_edd33864ab
day1,1177,"FINEST QUALITY AMERICAN DOLL CARRIAGE, CIRCA 1876",600,800,250,3,4,https://live.thomastonauction.com/auction-lot/finest-quality-american-doll-carriage-circa-1876_19a654e097
day1,1488,"FRAMED ""CONN. BANK NOTE LIST AND CITY OF HARTFORD MONTHLY ADVERTISER""",200,300,50,3,3,https://live.thomastonauction.com/auction-lot/framed-conn-bank-note-list-and-city-of-hartford-m_6f1830b154
day1,1472,"FRANK GERVASI (NY,1895-1986)",500,700,100,3,5,https://live.thomastonauction.com/auction-lot/frank-gervasi-ny-1895-1986_cb3d05daae
day1,1460,"FRANK HANDLEN (ME, 1916-2023)",300,400,100,3,3,https://live.thomastonauction.com/auction-lot/frank-handlen-me-1916-2023_5bb1a5dcd6
day1,1203,"FREDERICK 'ED' ILSLEY (MA/ME, 1855-1933)",600,800,250,3,4,https://live.thomastonauction.com/auction-lot/frederick-ed-ilsley-ma-me-1855-1933_54464c9a12
day1,1201,"FREDERICK 'ED' ILSLEY (MA/ME, 1855-1933)",600,800,250,3,3,https://live.thomastonauction.com/auction-lot/frederick-ed-ilsley-ma-me-1855-1933_c391de3e27
day1,1453,"FREDERICK KUBITZ (CONTEMPORARY MA)",200,300,50,3,3,https://live.thomastonauction.com/auction-lot/frederick-kubitz-contemporary-ma_a69dcd0857
day1,1087,"FREDRIK MICHAEL WOOD (CA, 1944 - )",2000,3000,1000,3,4,https://live.thomastonauction.com/auction-lot/fredrik-michael-wood-ca-1944_b0e6a4118d
day1,1001,"FRENCH AUX ETATS UNIS HAT TRUNK WITH LABELS",600,800,250,3,4,https://live.thomastonauction.com/auction-lot/french-aux-etats-unis-hat-trunk-with-labels_73a8e719e4
day1,1005,"FRENCH P & Y AUGOUSTI SHAGREEN NAUTILUS TRAY",300,500,100,3,2,https://live.thomastonauction.com/auction-lot/french-p-y-augousti-shagreen-nautilus-tray_28998c5915
day1,1142,"GERALD F. BROMMER (CA, 1927-2020)",500,700,100,3,3,https://live.thomastonauction.com/auction-lot/gerald-f-brommer-ca-1927-2020_44f5c81eb9
day1,1126,"GERMAN CHIMING 8-DAY MANTEL CLOCK",200,300,50,3,3,https://live.thomastonauction.com/auction-lot/german-chiming-8-day-mantel-clock_547d5041dd
day1,1227,"GERMAN FOLK ART MUSICAL INSTRUMENT, CA. 1900",400,600,100,3,5,https://live.thomastonauction.com/auction-lot/german-folk-art-musical-instrument-circa-1900_51a170e5e1
day1,1206,"GERMAN HIDE COVERED HORSE & CART PULL TOY",700,900,250,3,3,https://live.thomastonauction.com/auction-lot/german-hide-covered-horse-cart-pull-toy_e32824e788
day1,1404,"GILBERT HAVEN SMITH (VT/IL, 1882-1959)",500,700,100,3,4,https://live.thomastonauction.com/auction-lot/gilbert-haven-smith-vt-il-1882-1959_cf9d7fcf8e
day1,1228,"GILLESPIE DERRINGER, .38 CAL",500,700,250,3,3,https://live.thomastonauction.com/auction-lot/gillespie-derringer-38-cal_6684cd7ccc
day1,1297,"GRADUATED PEARL NECKLACE",400,600,100,3,2,https://live.thomastonauction.com/auction-lot/graduated-pearl-necklace_0057bfa20b
day1,1031,"H-FRAME ARTIST'S STUDIO EASEL IN WALNUT, UNUSED",500,700,100,3,1,https://live.thomastonauction.com/auction-lot/h-frame-artists-studio-easel-in-walnut-unused_6fabfd7afb
day1,1153,"HAND-PAINTED PORCELAIN WALL PLAQUE SIGNED H. CATELIN, BOULENGER & CIE, MONTEREAU",300,500,100,3,3,https://live.thomastonauction.com/auction-lot/hand-painted-porcelain-wall-plaque-signed-h-catel_8d929194dd
day1,1307,"HAND PAINTED REPLICA 18TH C. NAVAL BATTLE",300,500,100,3,3,https://live.thomastonauction.com/auction-lot/hand-painted-replica-18th-c-naval-battle_aed3f78400
day1,1298,"HAND PAINTED REPLICA OF 19TH C. SAILING SHIP",200,300,50,3,4,https://live.thomastonauction.com/auction-lot/hand-painted-replica-of-19th-c-sailing-ship_023e7a6095
day1,1303,"HAND PAINTED REPLICA OF 19TH C. SAILING SHIP",200,300,50,3,4,https://live.thomastonauction.com/auction-lot/hand-painted-replica-of-19th-c-sailing-ship_4a2402da94
day1,1305,"HAND PAINTED REPLICA OF 19TH C. SAILING SHIP",300,400,100,3,4,https://live.thomastonauction.com/auction-lot/hand-painted-replica-of-19th-c-sailing-ship_80f898b874
day1,1502,"HANDMADE TATTED BED COVERLET (8' x 7' 6"")",300,400,100,3,4,https://live.thomastonauction.com/auction-lot/handmade-tatted-bed-coverlet-8-x-7-6_2d19b96092
day1,1390,"HARBOR SCENE WITH DOCKED BOATS, UNKNOWN ARTIST (20TH CENTURY), OIL ON LINEN",300,400,100,3,4,https://live.thomastonauction.com/auction-lot/harbor-scene-with-docked-boats-unknown-artist-20t_acd8968963
day1,1364,"HAROLD WOLPOFF (MA, 1924-2013)",300,500,100,3,5,https://live.thomastonauction.com/auction-lot/harold-wolpoff-ma-1924-2013_dac25615ed
day1,1331,"HELEN FARR (SLOAN) (MA/NY, 1911-2005)",400,600,100,3,4,https://live.thomastonauction.com/auction-lot/helen-farr-sloan-ma-ny-1911-2005_cc72b07cf0
day1,1234,"HENRY ATKIN (FROM PURDEY'S) SxS SHOTGUN, 12 GA",1500,2000,750,3,6,https://live.thomastonauction.com/auction-lot/henry-atkin-from-purdeys-sxs-shotgun-12-ga_c85c041040
day1,1064,"HOPE D. WAGNER (COCHRANE SCHOOL, DC)",400,600,100,3,5,https://live.thomastonauction.com/auction-lot/hope-d-wagner-cochrane-school-dc_e2fa3f84c1
day1,1350,"HORACE BONHAM (PA, 1835-1892)",500,700,100,3,4,https://live.thomastonauction.com/auction-lot/horace-bonham-pa-1835-1892_2ef069d796
day1,1134,"HOWARD HALL DARNELL (PA/ME, 1858-1939)",1000,1500,500,3,3,https://live.thomastonauction.com/auction-lot/howard-hall-darnell-pa-me-1858-1939_4148a70e81
day1,1075,"HUDSON VALLEY STYLE LANDSCAPE PAINTING, UNSIGNED",500,700,100,3,3,https://live.thomastonauction.com/auction-lot/hudson-valley-style-landscape-painting-unsigned_1932cada4f
day1,1214,"IBANEZ ELECTRIC GUITAR RGA72QM",500,700,100,3,6,https://live.thomastonauction.com/auction-lot/ibanez-electric-guitar-rga72qm_d0e83e16c1
day1,1229,"IDENTIFIED 1863 MAINE 6TH VOLUNTEER INFANTRY CARTRIDGE BOX, CAP BOXES GETTYSBURG",1000,2000,500,3,6,https://live.thomastonauction.com/auction-lot/identified-1863-maine-6th-volunteer-infantry-cart_d22696ef7a
day1,1408,"IONA MCKINNEY (ME, 1899-2006)",300,500,100,3,3,https://live.thomastonauction.com/auction-lot/iona-mckinney-me-1899-2006_2b426815f6
day1,1081,"IRIS ANDREWS MILLER (DETROIT, 1881-1981)",500,800,100,3,2,https://live.thomastonauction.com/auction-lot/iris-andrews-miller-detroit-1881-1981_678abeba49
day1,1154,"IRIS ANDREWS MILLER (DETROIT, 1881-1981)",400,600,100,3,4,https://live.thomastonauction.com/auction-lot/iris-andrews-miller-detroit-1881-1981_83bcc152c7
day1,1152,"IRIS ANDREWS MILLER (DETROIT, 1881-1981)",800,1000,250,3,4,https://live.thomastonauction.com/auction-lot/iris-andrews-miller-detroit-1881-1981_df1897d494
day1,1243,"J. UNERTL 15X SCOPE",500,700,100,3,3,https://live.thomastonauction.com/auction-lot/j-unertl-15x-scope_7d953d335a
day1,1251,"J. UNERTL 15X SCOPE",500,700,100,3,3,https://live.thomastonauction.com/auction-lot/j-unertl-15x-scope_d40b924eea
day1,1130,"J. WINTHROP ANDREWS (MA/NY/BERMUDA, 1879-1964)",600,800,250,3,5,https://live.thomastonauction.com/auction-lot/j-winthrop-andrews-ma-ny-bermuda-1879-1964_0e6da0593c
day1,1370,"JACK GERBER (PA, 1927-2021)",250,350,50,3,3,https://live.thomastonauction.com/auction-lot/jack-gerber-pa-1927-2021_2ab74786e3
day1,1230,"JACKIE BROWN PERCUSSION LONG RIFLE, .45 CAL",700,900,250,3,6,https://live.thomastonauction.com/auction-lot/jackie-brown-percussion-long-rifle-45-cal_f2668ed555
day1,1223,"JAMES DE MARTIN (NY, 1923-2003)",400,600,100,3,5,https://live.thomastonauction.com/auction-lot/james-de-martin-ny-1923-2003_dc2cf67d56
day1,1410,"JAMES MICKELSON (MA, 1926-1998)",500,700,100,3,4,https://live.thomastonauction.com/auction-lot/james-mickelson-ma-1926-1998_c969a43c50
day1,1162,"JAMIE WYETH (AMERICAN, B. 1946)",300,400,100,3,2,https://live.thomastonauction.com/auction-lot/jamie-wyeth-american-b-1946_b77e98d239
day1,1097,"JEROME HOWES (NY/MA, 1955- )",800,1200,250,3,4,https://live.thomastonauction.com/auction-lot/jerome-howes-ny-ma-1955_e4f6d4130f
day1,1189,"JOEL JANOWITZ (NY, 1945 - )",500,1000,100,3,5,https://live.thomastonauction.com/auction-lot/joel-janowitz-ny-1945_8794ac906c
day1,1320,"JOHN A. RUTHVEN (NY, 1924 - )",300,500,100,3,4,https://live.thomastonauction.com/auction-lot/john-a-ruthven-ny-1924_003e123719
day1,1321,"JOHN A. RUTHVEN (NY, 1924 - )",300,500,100,3,4,https://live.thomastonauction.com/auction-lot/john-a-ruthven-ny-1924_7c3b8b9c47
day1,1319,"JOHN A. RUTHVEN (NY, 1924 - )",600,800,250,3,4,https://live.thomastonauction.com/auction-lot/john-a-ruthven-ny-1924_c76a93faa1
day1,1318,"JOHN A. RUTHVEN (NY, 1924 - )",300,500,100,3,4,https://live.thomastonauction.com/auction-lot/john-a-ruthven-ny-1924_c7f7b57c52
day1,1317,"JOHN A. RUTHVEN (NY, 1924 - )",300,500,100,3,4,https://live.thomastonauction.com/auction-lot/john-a-ruthven-ny-1924_f2c5bbad8e
day1,1009,"JOHN FRENCH SLOAN (NY/NM/NH, 1871-1951)",500,700,100,3,4,https://live.thomastonauction.com/auction-lot/john-french-sloan-ny-nm-nh-1871-1951_dc29cb5b3c
day1,1112,"JOHN MANSHIP (NY, 1977-2000)",800,1200,250,3,5,https://live.thomastonauction.com/auction-lot/john-manship-ny-1977-2000_5a34e95e1a
day1,1422,"JORGE WILMOT (MEXICAN, 1928-2012), BIRD AMONG BLOSSOMS",200,300,50,3,3,https://live.thomastonauction.com/auction-lot/jorge-wilmot-mexican-1928-2012-bird-among-blossoms_805054eb1f
day1,1420,"JORGE WILMOT (MEXICAN, 1928-2012), BIRD ON ROCK",200,300,50,3,3,https://live.thomastonauction.com/auction-lot/jorge-wilmot-mexican-1928-2012-bird-on-rock_edc68e2dd6
day1,1226,"JUDY PRISOC (CONTEMPORARY, GIG HARBOR, WA)",250,350,50,3,2,https://live.thomastonauction.com/auction-lot/judy-prisoc-contemporary-gig-harbor-wa_9b845b13d8
day1,1048,"JULIUS WOLFGANG SCHULEIN (NY/GERMANY, 1881-1970)",400,600,100,3,3,https://live.thomastonauction.com/auction-lot/julius-wolfgang-schulein-ny-germany-1881-1970_32cb351df8
day1,1378,"KARABAGH PRAYER RUG (11' 2"" x 4')",500,700,100,3,4,https://live.thomastonauction.com/auction-lot/karabagh-prayer-rug-11-2-x-4_c799e31319
day1,1136,"KENNETH SMALLWOOD (20TH C. AMERICAN)",300,500,100,3,3,https://live.thomastonauction.com/auction-lot/kenneth-smallwood-20th-c-american_b974f48797
day1,1140,"LAMBRO AHLAS (US, 1927-2021) PORTRAIT OF A BALLET DANCER",400,600,100,3,3,https://live.thomastonauction.com/auction-lot/lambro-ahlas-us-1927-2021-portrait-of-a-ballet-da_832b796c5b
day1,1409,"LARGE CHINESE PITH PAINTING, 19TH CENTURY",300,400,100,3,3,https://live.thomastonauction.com/auction-lot/large-19th-c-chinese-pith-painting_9a861fce84
day1,1057,"LARGE COPPER MILK JUG WITH SPOUT",200,300,50,3,2,https://live.thomastonauction.com/auction-lot/large-copper-milk-jug-with-spout_b1c263b05b
day1,1053,"LARGE COPPER POT WITH SIDE HANDLES",200,300,50,3,2,https://live.thomastonauction.com/auction-lot/large-copper-pot-with-side-handles_ab5a081f70
day1,1405,"LATE QING DYNASTY SCROLL PAINTING OF NOBLEWOMAN",200,300,50,3,4,https://live.thomastonauction.com/auction-lot/late-qing-dynasty-scroll-painting-of-imperial-dow_25a20a38ce
day1,1280,"LEANDER ALLEN PLUMMER II (ME/MA, 1857-1914)",500,700,100,3,2,https://live.thomastonauction.com/auction-lot/leander-allen-plummer-ii-me-ma-1857-1914_8c3908bf42
day1,1261,"LEUPOLD M8-4X SCOPE",200,400,50,3,2,https://live.thomastonauction.com/auction-lot/leupold-m8-4x-scope_9dc6f0269e
day1,1221,"LINDA ENGLISH (20TH C.)",300,400,100,3,3,https://live.thomastonauction.com/auction-lot/linda-english-20th-c_1f581bba43
day1,1444,"LOTHAR BURGER (AUSTRIA, 1866-1943)",300,500,100,3,5,https://live.thomastonauction.com/auction-lot/lothar-burger-austria-1866-1943_3f635e2441
day1,1458,"LOUIS DOYLE NORTON (ME/NH, 1868-1940)",400,600,100,3,3,https://live.thomastonauction.com/auction-lot/louis-doyle-norton-me-nh-1868-1940_e7abb723bb
day1,1334,"LOUIS JOHN RHEAD (NY, 1857-1926)",1000,1500,500,3,6,https://live.thomastonauction.com/auction-lot/louis-john-rhead-ny-1857-1926_82079d616f
day1,1332,"LOUIS JOHN RHEAD (NY, 1857-1926)",1000,1500,500,3,11,https://live.thomastonauction.com/auction-lot/louis-john-rhead-ny-1857-1926_f2e1383f30
day1,1196,"LOUIS (LUIGI) BOSA (NY/PA/ITALY, 1905-1991)",200,300,50,3,3,https://live.thomastonauction.com/auction-lot/louis-luigi-bosa-ny-pa-italy-1905-1991_6be5ce3c2d
day1,1443,"LOUIS MARIA NIELS PEDER MOE (NORWAY, 1857-1945)",300,400,100,3,4,https://live.thomastonauction.com/auction-lot/louis-maria-niels-peder-moe-norway-1857-1945_fa2e547478
day1,1354,"LOUIS XV FRENCH STYLE ARMCHAIR",300,400,100,3,3,https://live.thomastonauction.com/auction-lot/louis-xv-french-style-armchair_ffed238d12
day1,1247,"LYMAN 30X SUPER TARGETSPOT SCOPE W/ CASE",1200,1800,600,3,2,https://live.thomastonauction.com/auction-lot/lyman-30x-super-targetspot-scope-w-case_9635201822
day1,1265,"LYMAN ALL-AMERICAN PERMA CENTER 20X SCOPE",300,500,100,3,2,https://live.thomastonauction.com/auction-lot/lyman-all-american-perma-center-20x-scope_573f2298a8
day1,1255,"LYMAN ALL-AMERICAN PERMA CENTER 20X SCOPE",300,500,100,3,2,https://live.thomastonauction.com/auction-lot/lyman-all-american-perma-center-20x-scope_bd8fb1fec0
day1,1257,"LYMAN SUPER TARGETSPOT 15X SCOPE",300,500,100,3,2,https://live.thomastonauction.com/auction-lot/lyman-super-targetspot-15x-scope_5623e7405e
day1,1099,"LYND WARD (NJ/NY/IL, 1905-1985)",600,800,250,3,3,https://live.thomastonauction.com/auction-lot/lynd-ward-nj-ny-il-1905-1985_2ebe954aca
day1,1176,"LYND WARD (NJ/NY/IL, 1905-1985)",600,800,250,3,3,https://live.thomastonauction.com/auction-lot/lynd-ward-nj-ny-il-1905-1985_fe6f0619d1
day1,1399,"MABEL COPELAND CIRCA 1900 FLORAL PAINTING",500,700,100,3,4,https://live.thomastonauction.com/auction-lot/mabel-copeland-circa-1900-floral-painting_2f95485cf8
day1,1401,"MABEL COPELAND CIRCA 1900 FLORAL PAINTING",500,700,100,3,3,https://live.thomastonauction.com/auction-lot/mabel-copeland-circa-1900-floral-painting_fcf2c5ebae
day1,1386,"MABEL MIKEL WILLIAMS (20TH C. AMERICAN)",300,400,100,3,4,https://live.thomastonauction.com/auction-lot/mabel-mikel-williams-20th-c-american_6f3fd8916f
day1,1017,"MAHOGANY SHAPED TILT TOP CANDLESTAND",300,400,100,3,3,https://live.thomastonauction.com/auction-lot/mahogany-shaped-tilt-top-candlestand_e7756e3ce1
day1,1086,"MAINE MUNICIPAL HAND MADE BADGE",300,400,100,3,2,https://live.thomastonauction.com/auction-lot/maine-municipal-hand-made-badge_196f0f9190
day1,1447,"MARCO ALQUINGA (ECUADOR, 20TH C.)",200,400,50,3,4,https://live.thomastonauction.com/auction-lot/marco-alquinga-ecuador-20th-c_69579903c5
day1,1062,"MARGARET FITZHUGH BROWNE (MA, 1884-1972)",400,600,100,3,4,https://live.thomastonauction.com/auction-lot/margaret-fitzhugh-browne-ma-1884-1972_2ed060f664
day1,1007,"MARGUERITE KIRMSE (CT/UK, 1885-1954)",800,1200,300,3,4,https://live.thomastonauction.com/auction-lot/marguerite-kirmse-ct-uk-1885-1954_a2939f3121
day1,1473,"MARGUERITE MACKAIN-LANGLOIS (1886-1979) LITERARY PRINT",200,300,50,3,3,https://live.thomastonauction.com/auction-lot/marguerite-mackain-langlois-1886-1979-literary-pr_389452d415
day1,1459,"MARJORIE MOORE (MAINE/AMERICAN, B. 1944), ""FLIGHT,"" 1992",400,600,100,3,3,https://live.thomastonauction.com/auction-lot/marjorie-moore-maine-american-b-1944-flight-1992_f903da083f
day1,1282,"MARK CATESBY (SC/ENGLAND, 1683-1749)",400,600,100,3,3,https://live.thomastonauction.com/auction-lot/mark-catesby-sc-england-1683-1749_bed955b3a6
day1,1295,"MARK OSMAN CURTIS (AKA TH. FRIIS) (NORWAY/SCOTLAND, 1879-1959)",600,800,250,3,4,https://live.thomastonauction.com/auction-lot/mark-osman-curtis-aka-th-friis-norway-scotland-18_656e485b90
day1,1236,"MARLIN MODEL 1893 SADDLE RING CARBINE, .32-40",600,800,275,3,4,https://live.thomastonauction.com/auction-lot/marlin-model-1893-saddle-ring-carbine-32-40_a6ed008473
day1,1272,"MARLIN MODEL '94 LEVER ACTION RIFLE, .32-20",1000,1500,500,3,4,https://live.thomastonauction.com/auction-lot/marlin-model-94-lever-action-rifle-32-20_ba891c3e16
day1,1242,"MARLIN MODEL GOLDEN-39A W/ SCOPE, .22 LR",400,600,175,3,4,https://live.thomastonauction.com/auction-lot/marlin-model-golden-39a-w-scope-22-lr_4b942b7cb2
day1,1079,"MARY BREWSTER HAZELTON (US 1868-1953)",600,800,250,3,4,https://live.thomastonauction.com/auction-lot/mary-brewster-hazelton-us-1868-1953_6247715769
day1,1207,"MARY HERRICK FENNER, MILLBURY MASSACHUSETTS, OIL ON PANEL",300,500,100,3,3,https://live.thomastonauction.com/auction-lot/mary-herrick-fenner-millbury-massachusetts-oil-on_99f0b61e4e
day1,1028,"MASSACHUSETTS LICENSE PLATE WITH 1966 RMV MAILING ENVELOPE",100,200,50,3,1,https://live.thomastonauction.com/auction-lot/massachusetts-license-plate-with-1966-rmv-mailing_6a145b40c8
day1,1470,"MASSIMO CAMPIGLI (FRANCE/ ITALY, 1895-1971)",300,400,100,3,2,https://live.thomastonauction.com/auction-lot/massimo-campigli-france-italy-1895-1971_aef15c0326
day1,1240,"MATCHED PAIR OF PURDEY SHOTGUNS IN CASE, 12 GA",100000,150000,50000,3,13,https://live.thomastonauction.com/auction-lot/matched-pair-of-purdey-shotguns-in-case-12-ga_6ba775c94b
day1,1445,"MEXICAN AZTEC RED CLAY TRIPOD VASE",400,600,100,3,3,https://live.thomastonauction.com/auction-lot/mexican-aztec-red-clay-tripod-vase_9e21c6368b
day1,1418,"MICHELE USIBELLI (CONTEMPORARY CA)",250,350,50,3,4,https://live.thomastonauction.com/auction-lot/michele-usibelli-contemporary-ca_fe17e5633e
day1,1283,"MID-1960's NANTUCKET SCRIMSHAW DO IT YOURSELF KIT",200,300,50,3,1,https://live.thomastonauction.com/auction-lot/mid-1960s-nantucket-scrimshaw-do-it-yourself-kit_b19ed46b08
day1,1111,"MODERN ADJUSTABLE STRING QUARTET MUSIC STAND",300,400,100,3,1,https://live.thomastonauction.com/auction-lot/modern-adjustable-string-quartet-music-stand_dc03517be4
day1,1288,,2000,3000,1000,3,1,https://live.thomastonauction.com/auction-lot/monumental-1878-currier-ives-double-steamboat-pri_39eda8e2bf
day1,1271,"MOSSBERG MDL. 151K, .22 LR",150,300,50,3,3,https://live.thomastonauction.com/auction-lot/mossberg-mdl-151k-22-lr_a8e9477b3a
day1,1105,"MOTHER-OF-PEARL INLAID ROSEWOOD LAP DESK",600,800,250,3,4,https://live.thomastonauction.com/auction-lot/mother-of-pearl-inlaid-rosewood-lap-desk_f8d75913ad
day1,1273,"NAGANT M1895 REVOLVER, 7.62x38mmR",300,500,125,3,4,https://live.thomastonauction.com/auction-lot/nagant-m1895-revolver-7-62x38mmr_b3546304b4
day1,1118,"NAN GREACEN (AKA FAVRE) (NY/FL/FRANCE, 1909-1999)",600,900,250,3,3,https://live.thomastonauction.com/auction-lot/nan-greacen-aka-favre-ny-fl-france-1909-1999_af88b882c2
day1,1266,"NEUMANN FRERES SxS SHOTGUN, 12 GA",300,500,100,3,4,https://live.thomastonauction.com/auction-lot/neumann-freres-sxs-shotgun-12-ga_7694d81a6b
day1,1217,"NORMAN ROCKWELL (NY/MA, 1894-1978)",400,600,100,3,4,https://live.thomastonauction.com/auction-lot/norman-rockwell-ny-ma-1894-1978_755ce88ad7
day1,1211,"NORMAN ROCKWELL (NY/MA, 1894-1978)",1000,1500,500,3,3,https://live.thomastonauction.com/auction-lot/norman-rockwell-ny-ma-1894-1978_887660fdad
day1,1213,"NORMAN ROCKWELL (NY/MA, 1894-1978)",1000,1500,500,3,3,https://live.thomastonauction.com/auction-lot/norman-rockwell-ny-ma-1894-1978_8bd06cb266
day1,1215,"NORMAN ROCKWELL (NY/MA, 1894-1978)",1000,1500,500,3,3,https://live.thomastonauction.com/auction-lot/norman-rockwell-ny-ma-1894-1978_8c10a4ad2c
day1,1362,"NUDE DOS PAINTING SIGNED ""F.L., 95""",300,500,100,3,4,https://live.thomastonauction.com/auction-lot/nude-dos-painting-signed-f-l-95_702beeadeb
day1,1024,"OAK FRAMED WALKING STICK DISPLAY CASE",600,800,250,3,3,https://live.thomastonauction.com/auction-lot/oak-framed-walking-stick-display-case_14543520ab
day1,1322,"OP ART POSTER FOR BAND ""CREAM""",200,300,50,3,2,https://live.thomastonauction.com/auction-lot/op-art-poster-for-band-cream_cbbfeaaa27
day1,1011,"ORRIN AUGUSTINE WHITE (CA/IL, 1883-1969)",500,700,100,3,4,https://live.thomastonauction.com/auction-lot/orrin-augustine-white-ca-il-1883-1969_329db9c0f7
day1,1329,"ORSON BYRON LOWELL (NY, 1871-1956)",350,550,100,3,4,https://live.thomastonauction.com/auction-lot/orson-byron-lowell-ny-1871-1956_f993c482fc
day1,1220,"OSCAR SCHMIDT OS15B 15-CHORD - CLASSIC AUTOHARP",200,300,50,3,3,https://live.thomastonauction.com/auction-lot/oscar-schmidt-os15b-15-chord-classic-autoharp_c61fdddf7b
day1,1467,"PABLO PICASSO (SPAIN/FRANCE, 1881-1973)",300,400,100,3,3,https://live.thomastonauction.com/auction-lot/pablo-picasso-spain-france-1881-1973_3fd684f556
day1,1468,"PABLO PICASSO (SPAIN/FRANCE, 1881-1973)",300,400,100,3,3,https://live.thomastonauction.com/auction-lot/pablo-picasso-spain-france-1881-1973_c3e6dd5fdd
day1,1469,"PABLO PICASSO (SPAIN/FRANCE, 1881-1973)",300,400,100,3,3,https://live.thomastonauction.com/auction-lot/pablo-picasso-spain-france-1881-1973_daf2e0bc82
day1,1391,"PAIR OF EARLY THAI PAINTED WOOD HOME GUARDIAN FIGURES",400,800,100,3,2,https://live.thomastonauction.com/auction-lot/pair-of-early-thai-painted-wood-home-guardian-fig_e9c91c020d
day1,1382,"PAIR OF INDO-MAHAL SMALL CARPETS (5'6"" x 8'6"")",1200,1500,600,3,1,https://live.thomastonauction.com/auction-lot/pair-of-indo-mahal-small-carpets-56-x-86_1bdb6071b8
day1,1304,"PAIR OF WALRUS TUSKS & BOAR TUSK AS BOTTLE OPENER",200,300,50,3,1,https://live.thomastonauction.com/auction-lot/pair-of-walrus-tusks-boar-tusk-as-bottle-opener_e27213a0b7
day1,1156,"PAMELA HOLEMAN (WOODBRIDGE, CT)",700,900,250,3,3,https://live.thomastonauction.com/auction-lot/pamela-holeman-woodbridge-ct_e11207c3cf
day1,1464,"PARKER S. PERKINS (ROCKPORT, MA, 1862-1942)",400,600,100,3,4,https://live.thomastonauction.com/auction-lot/parker-s-perkins-rockport-ma-1862-1942_5736a1ff96
day1,1032,"PAUL KRATTER (CONTEMPORARY CA)",600,800,250,3,5,https://live.thomastonauction.com/auction-lot/paul-kratter-contemporary-ca_8e738e2761
day1,1104,"PAUL STARRETTE SAMPLE (NY/CA/VT, 1896-1974)",600,800,250,3,5,https://live.thomastonauction.com/auction-lot/paul-starrette-sample-ny-ca-vt-1896-1974_a1e03dd089
day1,1146,"PERRY WINKLER (CONTEMPORARY PENNSYLVANIA)",600,800,250,3,3,https://live.thomastonauction.com/auction-lot/perry-winkler-contemporary-pennsylvania_4e8dcae627
day1,1013,"PORTRAIT OF AMERICAN BLUE EYED BLONDE BOY, CIRCA 1900",600,800,250,3,3,https://live.thomastonauction.com/auction-lot/portrait-of-american-blue-eyed-blonde-boy-circa-1_5a9aae15fd
day1,1019,"PORTUGUESE BLUE & WHITE TILE PLAQUE",300,400,100,3,2,https://live.thomastonauction.com/auction-lot/portuguese-blue-white-tile-plaque_07645153bc
day1,1151,"POSSIBLY ENGLISH ALDERMASTON STUDIO POTTERY LARGE GLAZED DISH",250,350,50,3,2,https://live.thomastonauction.com/auction-lot/possibly-english-aldermaston-studio-pottery-large_6f54f461db
day1,1181,"POSTCARD COLLECTION, INCL. (2) ALBUMS & METAL BOX",400,600,100,3,2,https://live.thomastonauction.com/auction-lot/postcard-collection-incl-2-albums-metal-box_5d59711c42
day1,1117,"PR BRONZE URN FORM WINE BUCKETS WITH LINERS",800,1200,650,3,2,https://live.thomastonauction.com/auction-lot/pr-bronze-urn-form-wine-buckets-with-liners_d8cbef8511
day1,1383,"PR CHINESE BLUE & WHITE BARBED RIM CHARGERS",300,500,100,3,4,https://live.thomastonauction.com/auction-lot/pr-chinese-blue-white-barbed-rim-chargers_082d12b2f0
day1,1335,"PR CHINESE EMBROIDERED SILK SKIRT PANELS, QING DYNASTY",300,500,100,3,5,https://live.thomastonauction.com/auction-lot/pr-chinese-embroidered-silk-skirt-panels-qing-dyn_9d29d9f2ab
day1,1403,"PR CHINESE EXPORT PAINTINGS ON PITH PAPER, 19TH CENTURY",200,300,50,3,3,https://live.thomastonauction.com/auction-lot/pr-chinese-export-paintings-on-pith-paper-19th-ce_0906d9167e
day1,1381,"PR CHINESE FAMILLE ROSE FIGURAL PORCELAIN VASE LAMPS",200,300,50,3,1,https://live.thomastonauction.com/auction-lot/pr-chinese-famille-rose-figural-porcelain-vase-la_4922c8c322
day1,1425,"PR CHINESE SWATOW PORCELAIN LOW BOWLS",300,400,100,3,4,https://live.thomastonauction.com/auction-lot/pr-chinese-swatow-porcelain-low-bowls_179a2afa8a
day1,1119,"PR FRENCH GILDED BRONZE WARWICK VASE STYLE URNS",400,600,100,3,2,https://live.thomastonauction.com/auction-lot/pr-french-gilded-bronze-warwick-vase-style-urns_56463cae2c
day1,1392,"PR HIMALAYAN STYLE REPOUSSÉ METAL RELIGIOUS PLAQUES",400,600,100,3,4,https://live.thomastonauction.com/auction-lot/pr-himalayan-style-repousse-metal-religious-plaqu_cb07df0125
day1,1131,"PR KATHODIAN BRONZE WORKS COWBOY BOOKENDS",400,600,100,3,3,https://live.thomastonauction.com/auction-lot/pr-kathodian-bronze-works-cowboy-bookends_25d582e675
day1,1241,"PR OF CENTENNIAL COLT PEACEMAKERS IN ORIGINAL GLASS CASE",8000,12000,4000,3,3,https://live.thomastonauction.com/auction-lot/pr-of-centennial-colt-peacemakers-in-original-gla_8f5bb1c886
day1,1008,"PR STEUBEN GLASS GAZELLE BOOKENDS",500,700,100,3,2,https://live.thomastonauction.com/auction-lot/pr-steuben-glass-gazelle-bookends_6343274e23
day1,1129,"PR WILLARD DRYDEN PADDOCK (NY, 1873-1956) BRONZE BOOKENDS",600,800,250,3,2,https://live.thomastonauction.com/auction-lot/pr-willard-dryden-paddock-ny-1873-1956-bronze-boo_369b5e3c84
day1,1157,"PRIMITIVE LOG BENCH",100,200,50,3,1,https://live.thomastonauction.com/auction-lot/primitive-log-bench_aae754899f
day1,1020,"PRISCILLA JANE FRAZER (CA, 1907-1983)",300,400,100,3,4,https://live.thomastonauction.com/auction-lot/priscilla-jane-frazer-ca-1907-1983_d04cbf3588
day1,1276,"PROP LEVER ACTION RIFLE",200,400,50,3,6,https://live.thomastonauction.com/auction-lot/prop-lever-action-rifle_150c0d09e3
day1,1278,"RAD HEWER KNIFE W/ SCABBARD",800,1200,250,3,5,https://live.thomastonauction.com/auction-lot/rad-hewer-knife-w-scabbard_0e6c1ffbd7
day1,1490,"RAILROAD ROUTES IN CALIFORNIA, 1853",100,200,50,3,3,https://live.thomastonauction.com/auction-lot/railroad-routes-in-california-1853_8175817449
day1,1342,"RANDOLPH & CLAUDIA LAUB CLOTH MAT",300,500,100,3,3,https://live.thomastonauction.com/auction-lot/randolph-claudia-laub-cloth-mat_3b719f2782
day1,1503,"RAOUL VERIN (FRANCE, 1865-1943)",300,400,100,3,6,https://live.thomastonauction.com/auction-lot/raoul-verin-france-1865-1943_7b796b2f37
day1,1083,"RAPHAEL SOYER (NY, 1889-1987)",600,800,250,3,4,https://live.thomastonauction.com/auction-lot/raphael-soyer-ny-1889-1987_be14c4efd0
day1,1069,"RARE 1846 N. CURRIER PRINT OF BOSTON TEA PARTY",300,400,100,3,2,https://live.thomastonauction.com/auction-lot/rare-1846-n-currier-print-of-boston-tea-party_e4da90181a
day1,1486,"RARE 1862 BOWDOIN COLLEGE COMMENCEMENT EVENTS",250,350,50,3,2,https://live.thomastonauction.com/auction-lot/rare-1862-bowdoin-college-commencement-events_47b9904bd9
day1,1275,"RARE 1912 BOOK ON ELEPHANT HUNTING, FIRST EDITION, FIRST ISSUE",600,800,250,3,5,https://live.thomastonauction.com/auction-lot/rare-1912-book-on-elephant-hunting-first-edition-_8660df7b87
day1,1497,"RARE (3 VOL) SET ON RABELAIS",200,300,50,3,5,https://live.thomastonauction.com/auction-lot/rare-3-vol-set-on-rabelais_1857700288
day1,1068,"RARE MONUMENTAL GEORGE WASHINGTON VALLEY FORGE PRINT",1500,2000,750,3,4,https://live.thomastonauction.com/auction-lot/rare-monumental-george-washington-valley-forge-pr_dae462e671
day1,1462,"REBECCA GOODALE (MAINE/AMERICAN, B. 1965) ""BEAR"", 2003",300,400,100,3,3,https://live.thomastonauction.com/auction-lot/rebecca-goodale-maine-american-b-1965-bear-2003_d268c74116
day1,1463,"REBECCA GOODALE (MAINE/AMERICAN, B. 1965), TURTLE, 2005",300,400,100,3,3,https://live.thomastonauction.com/auction-lot/rebecca-goodale-maine-american-b-1965-turtle-2005_ccf8821053
day1,1246,"REMINGTON MDL. 12 RIFLE W/ SCOPE, .22 LR",1500,2000,750,3,5,https://live.thomastonauction.com/auction-lot/remington-mdl-12-rifle-w-scope-22-lr_021292df0c
day1,1260,"REMINGTON MDL. 722, .244 REM",300,500,100,3,4,https://live.thomastonauction.com/auction-lot/remington-mdl-722-244-rem_f94afdf457
day1,1426,"RENEE BERGER (EARLY 20TH C. NY)",300,500,100,3,4,https://live.thomastonauction.com/auction-lot/renee-berger-early-20th-c-ny_22816746b7
day1,1324,"RIAA GOLD RECORD AWARD FOR ""I HOPE WE GET TO LOVE IN TIME"" BY MARILYN McCOO & BILLY DAVIS JR.",400,500,100,3,2,https://live.thomastonauction.com/auction-lot/riaa-gold-record-award-for-i-hope-we-get-to-love-_f290b8c911
day1,1326,"RIAA GOLD RECORD AWARD FOR ""PHOENIX"" BY GFR",500,700,100,3,2,https://live.thomastonauction.com/auction-lot/riaa-gold-record-award-for-phoenix-by-gfr_d484dbb546
day1,1327,"RIAA GOLD RECORD AWARD FOR ""WE'RE AN AMERICAN BAND"" BY GFR",1000,1500,500,3,2,https://live.thomastonauction.com/auction-lot/riaa-gold-record-award-for-were-an-american-band-_cebe0b839b
day1,1323,"RIAA GOLD RECORD AWARD FOR ""YOU DON'T HAVE TO BE A STAR""",400,500,100,3,2,https://live.thomastonauction.com/auction-lot/riaa-gold-record-award-for-you-dont-have-to-be-a-_9bd4d07b47
day1,1325,"RIAA PLATINUM RECORD AWARD FOR ""DON'T SAY NO"" BILLY SQUIRE",400,500,100,3,2,https://live.thomastonauction.com/auction-lot/riaa-platinum-record-award-for-dont-say-no-billy-_d393e2a3f9
day1,1190,"RICH TOYS HORSE DRAWN WAGON PULL TOY",200,300,50,3,2,https://live.thomastonauction.com/auction-lot/rich-toys-horse-drawn-wagon-pull-toy_389a67de52
day1,1046,"RICHARD DE TREVILLE (CA/SC, 1864-1929)",400,600,100,3,4,https://live.thomastonauction.com/auction-lot/richard-de-treville-ca-sc-1864-1929_cb96650852
day1,1395,"ROGER ELIOT GILSON (20TH C. MA)",300,400,100,3,8,https://live.thomastonauction.com/auction-lot/roger-eliot-gilson-20th-c-ma_39b1540644
day1,1133,"ROSEVILLE POTTERY ""ROSECRAFT HEXAGON"" DOUBLE BUD VASE",400,600,100,3,2,https://live.thomastonauction.com/auction-lot/roseville-pottery-rosecraft-hexagon-double-bud-va_ce1997d115
day1,1198,"ROSEWOOD CASED MOTHER-OF-PEARL DOMINOES SET",200,300,50,3,2,https://live.thomastonauction.com/auction-lot/rosewood-cased-mother-of-pearl-dominoes-set_deab06fc80
day1,1155,"RUBY CUT GLASS DOUBLE-SIDED SCENT BOTTLE, 19TH CENTURY",300,500,100,3,3,https://live.thomastonauction.com/auction-lot/ruby-cut-glass-double-sided-scent-bottle-19th-cen_8174e79622
day1,1372,"SALLY JESSY RAPHAEL (NY, 1938 - )",400,600,100,3,4,https://live.thomastonauction.com/auction-lot/sally-jessy-raphael-ny-1938_930dc292e6
day1,1478,"SEIGE OF YORKTOWN MAP BY STEDMAN",300,400,100,3,3,https://live.thomastonauction.com/auction-lot/seige-of-yorktown-map-by-stedman_83718da94d
day1,1141,"SEQUOIA MILLER (AMERICAN, CONTEMPORARY) STUDIO POTTERY TEAPOT",250,350,50,3,2,https://live.thomastonauction.com/auction-lot/sequoia-miller-american-contemporary-studio-potte_81e068d088
day1,1149,"SEQUOIA MILLER (AMERICAN, CONTEMPORARY) STUDIO POTTERY PITCHER",300,400,175,3,3,https://live.thomastonauction.com/auction-lot/sequoia-miller-american-contemporary-studio-potte_a5a5f74816
day1,1145,"SEQUOIA MILLER (AMERICAN, CONTEMPORARY) STUDIO POTTERY VASE",400,600,100,3,3,https://live.thomastonauction.com/auction-lot/sequoia-miller-american-contemporary-studio-potte_d4468a1a31
day1,1143,"SEQUOIA MILLER (AMERICAN, CONTEMPORARY) STUDIO POTTERY JAR",300,400,100,3,4,https://live.thomastonauction.com/auction-lot/sequoia-miller-american-contemporary-studio-potte_eff43c3f4e
day1,1095,"SERGIO LOPEZ (CONTEMPORARY SANTA ROSA, CA)",600,800,250,3,5,https://live.thomastonauction.com/auction-lot/sergio-lopez-contemporary-santa-rosa-ca_2b064e5d50
day1,1093,"SERGIO LOPEZ (CONTEMPORARY SANTA ROSA, CA)",600,800,250,3,4,https://live.thomastonauction.com/auction-lot/sergio-lopez-contemporary-santa-rosa-ca_6dc1b82475
day1,1043,"SET OF (4) HAND FORGED COPPER COOKING PANS",300,500,100,3,2,https://live.thomastonauction.com/auction-lot/set-of-4-hand-forged-copper-cooking-pans_e6ffd6cfaa
day1,1380,"SHIRVAN KELIM (5'5"" X 9"")",500,700,100,3,4,https://live.thomastonauction.com/auction-lot/shirvan-kelim-55-x-9_a430673f67
day1,1018,"SHMUEL TEPLER (ISRAEL/POLAND, 1918-1998)",300,400,100,3,3,https://live.thomastonauction.com/auction-lot/shmuel-tepler-israel-poland-1918-1998_28861fc37a
day1,1483,"SIGNED FIRST EDITION ""JOHNNY TREMAIN"", 1943 NEWBERY AWARD WINNER",500,1000,100,3,9,https://live.thomastonauction.com/auction-lot/signed-first-edition-johnny-tremain-1943-newbery-_924e89e7ec
day1,1249,"SIMSON & CO. SHOTGUN MADE FOR IVER JOHNSON, 12 GA",2000,2500,1000,3,5,https://live.thomastonauction.com/auction-lot/simson-co-shotgun-made-for-iver-johnson-12-ga_9ee1af03a8
day1,1175,"SINGER SEWING MACHINE CHILD-SIZED ""SEW HANDY""",300,400,100,3,3,https://live.thomastonauction.com/auction-lot/singer-sewing-machine-child-sized-sew-handy_ca9f73c7e5
day1,1094,"SMALL CAST STONE SCULPTURE SIGNED ""MICHEL"" ON BASE",300,400,100,3,4,https://live.thomastonauction.com/auction-lot/small-cast-stone-sculpture-signed-michel-on-base_a87165ffbe
day1,1414,"SMALL GENRE PAINTING OF CHILD PLAYING",250,350,50,3,3,https://live.thomastonauction.com/auction-lot/small-genre-painting-of-child-playing_7900ae6aab
day1,1500,"SMALL TAINO WHITE STONE FERTILITY FETISH PENDANT",300,500,100,3,2,https://live.thomastonauction.com/auction-lot/small-taino-white-stone-fertility-fetish-pendant_e03bae6b5d
day1,1268,"SPORTERIZED K98, 8MM MAUSER",200,400,50,3,4,https://live.thomastonauction.com/auction-lot/sporterized-k98-8mm-mauser_195f9b1e46
day1,1256,"SPORTERIZED SPRINGFIELD 03-A3 RIFLE, .30-06",300,500,100,3,4,https://live.thomastonauction.com/auction-lot/sporterized-springfield-03-a3-rifle-30-06_a88983d84a
day1,1232,"SPRINGFIELD '73 TRAPDOOR RIFLE, .45-70",600,800,250,3,5,https://live.thomastonauction.com/auction-lot/springfield-73-trapdoor-rifle-45-70_0b2296a4ac
day1,1374,"STEVE GIANAKOS (NYC, 1938 - )",300,400,100,3,2,https://live.thomastonauction.com/auction-lot/steve-gianakos-nyc-1938_7f04a8f54a
day1,1077,"STEVEN HILEMAN (AMERICAN, COMTEMPORARY)",500,700,100,3,4,https://live.thomastonauction.com/auction-lot/steven-hileman-american-comtemporary_ae2a97d3a0
day1,1313,"STOW WENGENROTH (AMERICAN, 1906-1978), ALONG THE SHORE, 1938",600,800,250,3,1,https://live.thomastonauction.com/auction-lot/stow-wengenroth-american-1906-1978-along-the-shor_8af2cd9f22
day1,1308,"STOW WENGENROTH (AMERICAN, 1906-1978), BARRED OWL",600,800,250,3,4,https://live.thomastonauction.com/auction-lot/stow-wengenroth-american-1906-1978-barred-owl_0e66ca47ea
day1,1311,"STOW WENGENROTH (AMERICAN, 1906-1978), ISLAND HOME, 1968",600,800,250,3,1,https://live.thomastonauction.com/auction-lot/stow-wengenroth-american-1906-1978-island-home-19_d7bf5ac36a
day1,1316,"STOW WENGENROTH (AMERICAN, 1906-1978), MAINE COAST SEAGULLS",600,800,250,3,4,https://live.thomastonauction.com/auction-lot/stow-wengenroth-american-1906-1978-maine-coast-se_ae2ae20e1c
day1,1315,"STOW WENGENROTH (AMERICAN, 1906-1978), THE FOG BELL, 1954",600,800,250,3,1,https://live.thomastonauction.com/auction-lot/stow-wengenroth-american-1906-1978-the-fog-bell-1_73116afb18
day1,1310,"STOW WENGENROTH (AMERICAN, 1906-1978), THE LITTLE FELLOWS",600,800,250,3,1,https://live.thomastonauction.com/auction-lot/stow-wengenroth-american-1906-1978-the-little-fel_f9ab3adef5
day1,1309,"STOW WENGENROTH (AMERICAN, 1906-1978), THE SLOOP",600,800,250,3,1,https://live.thomastonauction.com/auction-lot/stow-wengenroth-american-1906-1978-the-sloop_151ae3cf9a
day1,1314,"STOW WENGENROTH (AMERICAN, 1906-1978), TIDE POOL",600,800,250,3,1,https://live.thomastonauction.com/auction-lot/stow-wengenroth-american-1906-1978-tide-pool_88b4b941e6
day1,1312,"STOW WENGENROTH (AMERICAN, 1906-1978), WINDY SHORE",600,800,250,3,1,https://live.thomastonauction.com/auction-lot/stow-wengenroth-american-1906-1978-windy-shore_62d37f7795
day1,1277,"STURMABTEILUNG DAGGER",500,700,100,3,4,https://live.thomastonauction.com/auction-lot/sturmabteilung-dagger_99c81b4df4
day1,1346,"SUSAN BLACKWOOD (MT/CO/IL. 1948 - )",300,400,100,3,3,https://live.thomastonauction.com/auction-lot/susan-blackwood-mt-co-il-1948_4d568f6fec
day1,1448,"THEO TOBIASSE (NY/FRANCE/ISRAEL, 1927-2012)",400,500,100,3,5,https://live.thomastonauction.com/auction-lot/theo-tobiasse-ny-france-israel-1927-2012_cbd9eb89ef
day1,1368,"THOMPSON LEHNERT (PA/OH, 1931-2020)",300,400,100,3,5,https://live.thomastonauction.com/auction-lot/thompson-lehnert-pa-oh-1931-2020_68171a9c2b
day1,1144,"TIM GAYDOS (NJ, 1941 - )",800,1000,250,3,3,https://live.thomastonauction.com/auction-lot/tim-gaydos-nj-1941_32ebead799
day1,1424,"TONY BELL (CA/TX, 1950-199)",300,400,100,3,4,https://live.thomastonauction.com/auction-lot/tony-bell-ca-tx-1950-199_9764c789c4
day1,1274,"TOOLED LEATHER BUSCADERO GUN BELT & BRAUER BROS. HOLSTER",300,500,100,3,3,https://live.thomastonauction.com/auction-lot/tooled-leather-buscadero-gun-belt-brauer-bros-hol_2f16859d09
day1,1441,"UNIDENTIFIED EARLY 20TH C DANISH ARTIST",300,500,100,3,5,https://live.thomastonauction.com/auction-lot/unidentified-early-20th-c-danish-artist_45502c35ab
day1,1366,"UNIDENTIFIED ISRAELI ARTIST",300,400,100,3,2,https://live.thomastonauction.com/auction-lot/unidentified-israeli-artist_e67688afbe
day1,1456,"UNIDENTIFIED MID-CENTURY PERUVIAN ARTIST",1000,1500,500,3,3,https://live.thomastonauction.com/auction-lot/unidentified-mid-century-peruvian-artist_c72f7cef26
day1,1357,"UNSIGNED FRENCH WATERCOLOR GENRE SCENE",500,700,100,3,2,https://live.thomastonauction.com/auction-lot/unsigned-french-watercolor-genre-scene_1000ad9ca6
day1,1457,"UNSIGNED NUDE STUDY",400,600,100,3,3,https://live.thomastonauction.com/auction-lot/unsigned-nude-study_b71cf5af5a
day1,1014,"VICTORIAN EASTLAKE WALNUT PLANT OR DISPLAY STAND",400,600,100,3,2,https://live.thomastonauction.com/auction-lot/victorian-eastlake-walnut-plant-or-display-stand_b51c032554
day1,1173,"VICTORIAN KALEIDOSCOPE ON STAND",300,500,100,3,2,https://live.thomastonauction.com/auction-lot/victorian-kaleidoscope-on-stand_717bfbac83
day1,1212,"VICTORIAN KEITH, PROWSE & CO. FLUTINA ACCORDION",700,900,250,3,6,https://live.thomastonauction.com/auction-lot/victorian-keith-prowse-co-flutina-accordion_9a272e79ef
day1,1021,"VICTORIAN NEEDLEPOINT FRENCH STYLE ARMCHAIR",300,500,100,3,4,https://live.thomastonauction.com/auction-lot/victorian-needlepoint-french-style-armchair_189e783eb5
day1,1250,"VINTAGE CARVED AND PAINTED MALLARD DUCK DECOY",300,500,100,3,2,https://live.thomastonauction.com/auction-lot/vintage-carved-and-painted-mallard-duck-decoy_0534de9853
day1,1051,"VINTAGE COPPER STOCK POT WITH LID",200,300,50,3,2,https://live.thomastonauction.com/auction-lot/vintage-copper-stock-pot-with-lid_1d88d499ef
day1,1301,"VINTAGE ELGIN WRISTWATCH",200,400,50,3,2,https://live.thomastonauction.com/auction-lot/vintage-elgin-wristwatch_381102778f
day1,1066,"VINTAGE FELMORE STERLING SILVER CIGARETTE CASE",150,250,50,3,3,https://live.thomastonauction.com/auction-lot/vintage-felmore-sterling-silver-cigarette-case_ca03c2a3c9
day1,1002,"VINTAGE LOUIS VUITTON MONOGRAM ABBESSES MESSENGER BAG",600,800,250,3,5,https://live.thomastonauction.com/auction-lot/vintage-louis-vuitton-monogram-abbesses-messenger_75a9c58ad6
day1,1003,"VINTAGE LOUIS VUITTON MONOGRAM DROUOT SHOULDER BAG",300,500,100,3,4,https://live.thomastonauction.com/auction-lot/vintage-louis-vuitton-monogram-drouot-shoulder-bag_828ff3c423
day1,1284,"VINTAGE MAINE STEAMSHIP COMPANY BROADSIDE PRINT, FRAMED",800,1200,250,3,3,https://live.thomastonauction.com/auction-lot/vintage-maine-steamship-company-broadside-print-f_702651e218
day1,1100,"VINTAGE NEW YORK CITY ROTARY DIAL PAY PHONE",100,200,50,3,1,https://live.thomastonauction.com/auction-lot/vintage-new-york-city-rotary-dial-pay-phone_4c12a86cc1
day1,1123,"VINTAGE RUPPERT KNICKERBOCKER BEER MERCHANDISING SIGN",600,800,250,3,4,https://live.thomastonauction.com/auction-lot/vintage-ruppert-knickerbocker-beer-merchandising-_f9b64ff9e7
day1,1197,"W.G. PUDDEFOOT MARINE WATERCOLOR",300,500,100,3,6,https://live.thomastonauction.com/auction-lot/w-g-puddefoot-marine-watercolor_bbe9b4ac53
day1,1035,"WALNUT CASED BAROMETER, THERMOMETER & CLOCK",300,400,100,3,3,https://live.thomastonauction.com/auction-lot/walnut-cased-barometer-thermometer-clock_3d550b7233
day1,1455,"WALT FRANCIS (WALTER) KUHN (NY/CA, 1877-1949)",400,500,100,3,4,https://live.thomastonauction.com/auction-lot/walt-francis-walter-kuhn-ny-ca-1877-1949_9d01a11bc6
day1,1121,"WASHINGTON MINT YEAR 2000 GIANT QUARTER-POUND GOLDEN PROOF SILVER MEDALLION",300,500,100,3,5,https://live.thomastonauction.com/auction-lot/washington-mint-year-2000-giant-quarter-pound-gol_00256a3eb4
day1,1106,"WAYNE BEAM MORRELL (MA/NJ, 1923-2013)",800,1200,250,3,5,https://live.thomastonauction.com/auction-lot/wayne-beam-morrell-ma-nj-1923-2013_1441d2dc10
day1,1340,"WENDY JONES CARTWRIGHT, EMBROIDERY ARTIST",400,600,100,3,3,https://live.thomastonauction.com/auction-lot/wendy-jones-cartwright-embroidery-artist_59c27f5625
day1,1338,"WENDY JONES CARTWRIGHT, EMBROIDERY ARTIST",400,600,100,3,2,https://live.thomastonauction.com/auction-lot/wendy-jones-cartwright-embroidery-artist_e9bf25bb7c
day1,1289,"WHALES TOOTH SCRIMSHAWN WHALING",200,300,50,3,3,https://live.thomastonauction.com/auction-lot/whales-tooth-scrimshawn-whaling_904262a736
day1,1287,"WHALES TOOTH SCRIMSHAWN WHALING",200,300,50,3,4,https://live.thomastonauction.com/auction-lot/whales-tooth-scrimshawn-whaling_b0a6e9a16d
day1,1285,"WHALES TOOTH SCRIMSHAWN WHALING",300,400,100,3,4,https://live.thomastonauction.com/auction-lot/whales-tooth-scrimshawn-whaling_cc94a046ee
day1,1296,"WHALES TOOTH USS CONSTITUTION",200,300,50,3,3,https://live.thomastonauction.com/auction-lot/whales-tooth-uss-constitution_1e91e25d12
day1,1209,"WILL FRATES (CA, 1896-1969)",1000,1500,500,3,4,https://live.thomastonauction.com/auction-lot/will-frates-ca-1896-1969_292c75de87
day1,1036,"WILL FRATES (CA, 1896-1969)",300,400,100,3,3,https://live.thomastonauction.com/auction-lot/will-frates-ca-1896-1969_99039004d9
day1,1174,"WILL FRATES (CA, 1896-1969)",700,900,250,3,4,https://live.thomastonauction.com/auction-lot/will-frates-ca-1896-1969_be4937e770
day1,1138,"WILLIAM HENRY HOLMES (DC/IL, 1846-1933)",400,600,100,3,4,https://live.thomastonauction.com/auction-lot/william-henry-holmes-dc-il-1846-1933_de0989b97b
day1,1193,"WILLIAM J. MALONEY (MA/ITALY, 1932 - 2023)",250,350,50,3,2,https://live.thomastonauction.com/auction-lot/william-j-maloney-ma-italy-1932-2023_ff67620443
day1,1073,"WILLIAM MARPLES ULTIMATUM BRASS & EBONY BIT BRACE",400,600,100,3,3,https://live.thomastonauction.com/auction-lot/william-marples-ultimatum-brass-ebony-bit-brace_44557c128f
day1,1042,"WILLIAM & MARY STYLE JAPANNED CHEST",300,500,100,3,5,https://live.thomastonauction.com/auction-lot/william-mary-style-japanned-chest_2cde2fdc24
day1,1122,"WILLIAM MEYEROWITZ (CA, 1887-1981)",1000,1500,500,3,4,https://live.thomastonauction.com/auction-lot/william-meyerowitz-ca-1887-1981_c103c96aed
day1,1263,"WINCHESTER 1300 HYDRO-COIL SHOTGUN, 12 GA",300,500,100,3,3,https://live.thomastonauction.com/auction-lot/winchester-1300-hydro-coil-shotgun-12-ga_98c884cc87
day1,1269,"WINCHESTER 1300 YOUTH SHOTGUN, 20 GA",200,400,50,3,4,https://live.thomastonauction.com/auction-lot/winchester-1300-youth-shotgun-20-ga_70963f136e
day1,1253,"WINCHESTER MDL 12 SHOTGUN, ENGRAVED BY PAULINE MUERLLE",1500,2000,750,3,6,https://live.thomastonauction.com/auction-lot/winchester-mdl-12-shotgun-engraved-by-pauline-mue_1dcc4b131f
day1,1270,"WINCHESTER MDL. 74, .22 SHORT",200,400,50,3,3,https://live.thomastonauction.com/auction-lot/winchester-mdl-74-22-short_d7495a1287
day1,1484,"WINSLOW HOMER (MA/ME/UK, 1836-1910)",1000,1500,500,3,14,https://live.thomastonauction.com/auction-lot/winslow-homer-ma-me-uk-1836-1910_e60e2cce7e
day1,1412,"WOMAN PICKING BERRIES",300,400,100,3,4,https://live.thomastonauction.com/auction-lot/woman-picking-berries_d357c8ce01
day1,1279,"WWII GERMAN U-BOAT KRIEGSMARINE BAROMETER",800,1200,250,3,3,https://live.thomastonauction.com/auction-lot/wwii-german-u-boat-kriegsmarine-barometer_e5eae7e7c3
day1,1050,"YITZHAK FRENKEL-FRENEL (ISRAEL/UKRAINE, 1899-1981)",400,600,100,3,5,https://live.thomastonauction.com/auction-lot/yitzhak-frenkel-frenel-israel-ukraine-1899-1981_358496f171
day1,1022,"ZOLTAN LESLIE SEPESHY (NY/HUNGSRY, 1898-1974)",800,1200,250,3,4,https://live.thomastonauction.com/auction-lot/zoltan-leslie-sepeshy-ny-hungsry-1898-1974_2ecfb0ac3f
day1,1102,"ZUZANA CHALUPOVA (SERBIA, 1925-2001)",600,800,250,3,6,https://live.thomastonauction.com/auction-lot/zuzana-chalupova-serbia-1925-2001_76e68e81ef
day2,2320,"(12) 19TH C. BRITISH STERLING SILVER TEASPOONS",300,500,100,3,2,https://live.thomastonauction.com/auction-lot/12-19th-c-british-sterling-silver-teaspoons_049428414f
day2,2157,"(12) AMERICAN MID-19TH C. COIN SILVER TEASPOONS",300,500,100,3,3,https://live.thomastonauction.com/auction-lot/12-american-mid-19th-c-coin-silver-teaspoons_cc926c26ea
day2,2079,"(13) ASSORTED NAUTICAL FLAGS",200,300,50,3,1,https://live.thomastonauction.com/auction-lot/13-assorted-nautical-flags_fcb2c34d14
day2,2243,"1652 EDITION ""ANATOMY OF MELANCHOLY"" ROBERT BURTON (1577-1640)",500,700,100,3,4,https://live.thomastonauction.com/auction-lot/1652-edition-anatomy-of-melancholy-robert-burton-_5b27bb8d3d
day2,2324,"16TH C. OAK CHILD'S CHAIR",400,600,100,3,7,https://live.thomastonauction.com/auction-lot/16th-c-oak-childs-chair_bde7e41373
day2,2391,"16TH C. WALNUT CASSONE WITH CHARLES V HABSBURG CREST",1500,2500,750,3,5,https://live.thomastonauction.com/auction-lot/16th-c-walnut-cassone-with-charles-v-habsburg-cre_0c22f8699e
day2,2234,"1727 INIGO JONES DESIGN FOLIO PUBL KENT (VOL I ONLY)",1200,1500,600,3,5,https://live.thomastonauction.com/auction-lot/1727-inigo-jones-design-folio-publ-kent-vol-i-only_7fa2ce793f
day2,2404,"1739 GERMAN MASTERS & DOCTORAL DIPLOMAS IN CASE W/ SEAL",300,500,100,3,4,https://live.thomastonauction.com/auction-lot/1739-german-masters-doctoral-diplomas-in-case-w-s_d45f5a3540
day2,2322,"1768 BOOK OF COMMON PRAYER SIGNED SIR JOHN THOROLD, 1772",600,800,250,3,5,https://live.thomastonauction.com/auction-lot/1768-book-of-common-prayer-signed-sir-john-thorol_6be1a62cdb
day2,2160,"1792 WASHINGTON INDIAN PEACE MEDAL (SMALL SIZE)",800,1200,250,3,2,https://live.thomastonauction.com/auction-lot/1792-washington-indian-peace-medal-small-size_37ab813f3c
day2,2356,"17TH C. ALTAR FIGURE OF THE PIETA",1500,2500,750,3,4,https://live.thomastonauction.com/auction-lot/17th-c-altar-figure-of-the-pieta_90cf312e4d
day2,2423,"17TH C. BIRDSEYE VIEW OF PALM SUNDAY PROCESSION",10000,15000,5000,3,2,https://live.thomastonauction.com/auction-lot/17th-c-birdseye-view-of-palm-sunday-procession_c9d3b3d473
day2,2295,"17TH C. CARVED OAK BIBLE BOX",500,700,100,3,4,https://live.thomastonauction.com/auction-lot/17th-c-carved-oak-bible-box_21d9808e46
day2,2471,"17TH C CHINESE BUDDHA WITH TWO CHILDREN",1000,1500,500,3,4,https://live.thomastonauction.com/auction-lot/17th-c-chinese-buddha-with-two-children_464b937c43
day2,2290,"17TH C. ENGLISH CIVIL WAR HISTORY PAINTING",1500,2500,750,3,5,https://live.thomastonauction.com/auction-lot/17th-c-english-civil-war-history-painting_b13e00d1ea
day2,2379,"17TH C. ITALIAN IVORY CRUCIFIX IN FRAME",1000,1500,500,3,3,https://live.thomastonauction.com/auction-lot/17th-c-italian-ivory-crucifix-in-frame_99fa843c20
day2,2135,"17TH C. OAK TABLETOP SPINNING WHEEL",600,800,250,3,3,https://live.thomastonauction.com/auction-lot/17th-c-oak-tabletop-spinning-wheel_26e1a70b90
day2,2318,"1807 ROYAL ACADEMY LETTER FROM DAVID AS SECRETARY",1000,1500,500,3,4,https://live.thomastonauction.com/auction-lot/1807-royal-academy-letter-from-david-as-secretary_5316c4371d
day2,2055,"1820-1830 NEW BEDFORD WHALER'S TRYING HOUSE ACCOUNTS LEDGER",500,700,100,3,3,https://live.thomastonauction.com/auction-lot/1820-1830-new-bedford-whalers-trying-house-accoun_f055a94042
day2,2008,"1824-1826 LOGBOOK WHALING SHIP ""FRANCES"" NEW BEDFORD",2000,3000,1000,3,4,https://live.thomastonauction.com/auction-lot/1824-1826-logbook-whaling-ship-frances-new-bedford_71b0e18b29
day2,2417,"1828 PAINT DECORATED MARRIAGE CHEST",700,900,250,3,4,https://live.thomastonauction.com/auction-lot/1828-paint-decorated-marriage-chest_8b0a3063ae
day2,2131,"1834 FRAMED SAMPLER BY ELIZA RUSSELL",600,800,250,3,3,https://live.thomastonauction.com/auction-lot/1834-framed-sampler-by-eliza-russell_f96bf6702b
day2,2124,"1836 JACQUARD COVERLET, JOHN BROSEY, MANHEIM, PA",600,800,250,3,4,https://live.thomastonauction.com/auction-lot/1836-jacquard-coverlet-john-brosey-manheim-pa_8350100bbb
day2,2107,"1837 EDITION BOWDITCH PRACTICAL NAVIGATOR",200,300,50,3,3,https://live.thomastonauction.com/auction-lot/1837-edition-bowditch-practical-navigator_50c97250c1
day2,2111,"1867 SIGNED EUROPEAN SQUADRON ORDER FROM ADMIRAL DAVID GLASGOW FARRAGUT (1801-1870)",500,700,100,3,5,https://live.thomastonauction.com/auction-lot/1867-signed-european-squadron-order-from-admiral-_1c9e03a5bb
day2,2022,"1886-1887 LOGBOOK HMS ""TEMERAIRE"" & ""MONARCH""",1000,2000,500,3,4,https://live.thomastonauction.com/auction-lot/1886-1887-logbook-hms-temeraire-monarch_08dfde927a
day2,2230,"18TH C. CHERRY CHIPPENDALE SLANT FRONT DESK",800,1200,250,3,4,https://live.thomastonauction.com/auction-lot/18th-c-cherry-chippendale-slant-front-desk_1e75ba9e98
day2,2205,"18TH C. CHIPPENDALE PIECRUST TILT-TOP TEA TABLE",1000,2000,500,3,2,https://live.thomastonauction.com/auction-lot/18th-c-chippendale-piecrust-tilt-top-tea-table_6f2c203b99
day2,2342,"18TH C. FRENCH MINIATURE ON IVORY SIGNED ""CATULLE""",400,600,100,3,3,https://live.thomastonauction.com/auction-lot/18th-c-french-miniature-on-ivory-signed-catulle_6d7c414cbc
day2,2400,"18TH C. ITALIAN CARVED WOOD PRICKET CANDLESTICK",300,400,100,3,1,https://live.thomastonauction.com/auction-lot/18th-c-italian-carved-wood-pricket-candlestick_20e4200768
day2,2388,"18TH C. ITALIAN HARBOR SCENE, UNSIGNED",5000,10000,2500,3,4,https://live.thomastonauction.com/auction-lot/18th-c-italian-harbor-scene-unsigned_80639fce12
day2,2337,"18TH C. MINIATURE FRENCH GENRE SCENE AFTER CHARDIN",300,400,100,3,3,https://live.thomastonauction.com/auction-lot/18th-c-miniature-french-genre-scene-after-chardin_c6e59c0f21
day2,2274,"18TH C. MINIATURE PORTRAIT OF OLIVER CROMWELL",300,400,125,3,3,https://live.thomastonauction.com/auction-lot/18th-c-miniature-portrait-of-oliver-cromwell_00550f517c
day2,2311,"18TH C. PEWTER CHARGER WITH ENGRAVED HERALDIC CREST",300,500,100,3,3,https://live.thomastonauction.com/auction-lot/18th-c-pewter-charger-with-engraved-heraldic-crest_2297ee7038
day2,2312,"18TH C. PINE BIBLE BOX",400,600,100,3,4,https://live.thomastonauction.com/auction-lot/18th-c-pine-bible-box_5bbc877134
day2,2068,"18TH C. PINE SEA CHEST",300,500,100,3,3,https://live.thomastonauction.com/auction-lot/18th-c-pine-sea-chest_7e501573f5
day2,2136,"18TH C. PINE SETTLE BENCH W/ GAME BOARD",800,1200,250,3,2,https://live.thomastonauction.com/auction-lot/18th-c-pine-settle-bench-w-game-board_98ec1096e4
day2,2163,"18TH C. PORTRAIT OF WILLIAM PENN",600,800,250,3,4,https://live.thomastonauction.com/auction-lot/18th-c-portrait-of-william-penn_c07a6b7344
day2,2195,"18TH C. QUEEN ANNE OVAL DROPLEAF TABLE",600,800,250,3,4,https://live.thomastonauction.com/auction-lot/18th-c-queen-anne-oval-dropleaf-table_47894ac5a4
day2,2171,"18TH C. TIGER MAPLE CHIPPENDALE CHEST",1000,1500,500,3,3,https://live.thomastonauction.com/auction-lot/18th-c-tiger-maple-chippendale-chest_928a6fe26a
day2,2174,"18TH C. TIGER MAPLE QUEEN ANNE CHEST ON FRAME",1000,1500,500,3,4,https://live.thomastonauction.com/auction-lot/18th-c-tiger-maple-queen-anne-chest-on-frame_b7683e0335
day2,2146,"18TH NEW ENGLAND PAINTED PINE CHAIR TABLE",1000,2000,500,3,3,https://live.thomastonauction.com/auction-lot/18th-new-england-painted-pine-chair-table_5ab0e9d355
day2,2096,"(19) 19TH C. CARPENTER'S TOOLS, POSSIBLE SHIPBOARD USE",300,500,100,3,2,https://live.thomastonauction.com/auction-lot/19-19th-c-carpenters-tools-possible-shipboard-use_41c8cf9de8
day2,2046,"1950'S VINTAGE STERNBOARD",800,1000,250,3,2,https://live.thomastonauction.com/auction-lot/1950s-vintage-sternboard_b5b31b71e5
day2,2007,"19TH C. 5' LAMINATED HALF HULL",1000,1200,500,3,1,https://live.thomastonauction.com/auction-lot/19th-c-5-laminated-half-hull_969ff18c3c
day2,2097,"19TH C. BRASS AND LEATHER TELESCOPE",300,400,100,3,3,https://live.thomastonauction.com/auction-lot/19th-c-brass-and-leather-telescope_73c8859829
day2,2021,"19TH C. CARVED VIKING ODIN FIGUREHEAD",6000,8000,3000,3,3,https://live.thomastonauction.com/auction-lot/19th-c-carved-viking-odin-figurehead_db747e9a23
day2,2473,"19TH C. CHINESE IVORY FIGURE OF A LADY",500,700,100,3,5,https://live.thomastonauction.com/auction-lot/19th-c-chinese-ivory-figure-of-a-lady_6dac092c76
day2,2494,"19TH C.CHINESE LACQUERED FOLDING GAME BOX",400,600,100,3,3,https://live.thomastonauction.com/auction-lot/19th-c-chinese-lacquered-folding-game-box_062e245173
day2,2419,"19TH C. DRAWING OF ZURICH",300,500,100,3,2,https://live.thomastonauction.com/auction-lot/19th-c-drawing-of-zurich_f9577da86d
day2,2409,"19TH C. DUTCH MARQUETRY INLAID GAMES TABLE",800,1200,250,3,5,https://live.thomastonauction.com/auction-lot/19th-c-dutch-marquetry-inlaid-games-table_66d81cc83b
day2,2042,"19TH C. ENGLISH BRASS TELESCOPE, J.P. CUTTS, SUTTON & SON",300,500,100,3,3,https://live.thomastonauction.com/auction-lot/19th-c-english-brass-telescope-j-p-cutts-sutton-s_c2ef1e79a9
day2,2272,"19TH C. ENGLISH TORTOISESHELL TEA CADDY",1200,1600,600,3,3,https://live.thomastonauction.com/auction-lot/19th-c-english-tortoiseshell-tea-caddy_c2ca75de67
day2,2075,"19TH C. FORGED IRON WHALING FLENSING TOOL",200,300,50,3,2,https://live.thomastonauction.com/auction-lot/19th-c-forged-iron-whaling-flensing-tool_049141a639
day2,2344,"19TH C. FRENCH DIEPPE PAIR OF CARVED IVORY FIGURES",400,600,100,3,3,https://live.thomastonauction.com/auction-lot/19th-c-french-dieppe-pair-of-carved-ivory-figures_b10b8a5467
day2,2355,"19TH C. FRENCH IVORY FIGURINE",650,750,250,3,3,https://live.thomastonauction.com/auction-lot/19th-c-french-ivory-figurine_30d6b70df7
day2,2369,"19TH C. FRENCH MARQUETRY INLAID GAMES TABLE",700,900,250,3,5,https://live.thomastonauction.com/auction-lot/19th-c-french-marquetry-inlaid-games-table_259e9217f2
day2,2378,"19TH C. ITALIAN EMPIRE DOUBLE INKWELL DESK STAND",1000,1500,500,3,2,https://live.thomastonauction.com/auction-lot/19th-c-italian-empire-double-inkwell-desk-stand_bbefe8a56a
day2,2132,"19TH C. LANTERN",300,400,100,3,1,https://live.thomastonauction.com/auction-lot/19th-c-lantern_161d135988
day2,2128,"19TH C. PAINTED WOODEN CHECKERBOARD",200,300,50,3,2,https://live.thomastonauction.com/auction-lot/19th-c-painted-wooden-checkerboard_db0b9ce834
day2,2422,"19TH C. PAINTING OF NAVAL BATTLE",800,1000,250,3,4,https://live.thomastonauction.com/auction-lot/19th-c-painting-of-naval-battle_6170dc5be8
day2,2440,"19TH C. PERSIAN QAJAR HELMET",500,700,100,3,4,https://live.thomastonauction.com/auction-lot/19th-c-persian-qajar-helmet_30d69d4182
day2,2446,"19TH C. PERSIAN SILVER INLAID IRON BIRD ON STAND",500,700,100,3,3,https://live.thomastonauction.com/auction-lot/19th-c-persian-silver-inlaid-iron-bird-on-stand_56ff1bde02
day2,2081,"19TH C. PINE SEA CHEST",300,500,100,3,3,https://live.thomastonauction.com/auction-lot/19th-c-pine-sea-chest_b18ed1dbb0
day2,2005,"19TH C. PORTRAIT OF A SAILING SHIP, UNSIGNED",1000,1500,500,3,3,https://live.thomastonauction.com/auction-lot/19th-c-portrait-of-a-sailing-ship-unsigned_e46b218d41
day2,2037,"19TH C. SCRIMSHAW WHALE'S TOOTH OF WASHINGTON",800,1200,250,3,3,https://live.thomastonauction.com/auction-lot/19th-c-scrimshaw-whales-tooth-of-washington_2612407872
day2,2018,"19TH C. SCRIMSHAW WHALE'S TOOTH OF WOMAN",800,1200,250,3,3,https://live.thomastonauction.com/auction-lot/19th-c-scrimshaw-whales-tooth-of-woman_0f40d78477
day2,2039,"19TH C. SCRIMSHAW WHALE'S TOOTH OF WOMAN",600,800,250,3,3,https://live.thomastonauction.com/auction-lot/19th-c-scrimshaw-whales-tooth-of-woman_e4066602fe
day2,2065,"19TH C. SCRIMSHAW WHALE'S TOOTH",400,600,100,3,3,https://live.thomastonauction.com/auction-lot/19th-c-scrimshaw-whales-tooth_359d32d68f
day2,2002,"19TH C. SQUARE COPPER SHIP'S KETTLE",200,300,50,3,1,https://live.thomastonauction.com/auction-lot/19th-c-square-copper-ships-kettle_0fe0974c25
day2,2117,"19TH C. TIGER MAPLE APOTHECARY CHEST",1000,1500,500,3,3,https://live.thomastonauction.com/auction-lot/19th-c-tiger-maple-apothecary-chest_df45a06ba1
day2,2332,"19TH C. VIEW OF AONACH EAGACH IN GLEN COE MOUNTAINS, SCOTLAND",600,800,250,3,4,https://live.thomastonauction.com/auction-lot/19th-c-view-of-aonach-eagach-in-glen-coe-mountain_40c53de7cd
day2,2283,"19TH C. WILLIAM SOUTTER & SONS COPPER TEA KETTLE",100,150,50,3,3,https://live.thomastonauction.com/auction-lot/19th-c-william-soutter-sons-copper-tea-kettle_73be251496
day2,2401,"19THC. GERMAN IVORY FIGURINE",750,850,250,3,6,https://live.thomastonauction.com/auction-lot/19thc-german-ivory-figurine_65abeb34d2
day2,2050,"(2) 19TH C. CARVED WALKING STICKS",300,500,100,3,2,https://live.thomastonauction.com/auction-lot/2-19th-c-carved-walking-sticks_83dfd17c3f
day2,2051,"(2) 19TH C. INLAID WHALE IVORY TOP WALKING STICKS",500,700,100,3,2,https://live.thomastonauction.com/auction-lot/2-19th-c-inlaid-whale-ivory-top-walking-sticks_7669d33a29
day2,2030,"(2) 19TH C. SAILOR-MADE IVORY SEWING CLAMPS",300,500,100,3,1,https://live.thomastonauction.com/auction-lot/2-19th-c-sailor-made-ivory-sewing-clamps_b019ec2c47
day2,2247,"(2) 19TH CENTURY AUTOGRAPH LETTERS",500,700,100,3,5,https://live.thomastonauction.com/auction-lot/2-autograph-letters_9192cba860
day2,2505,"(2) CHINESE CARVED IVORY DESK TOOLS",200,300,50,3,2,https://live.thomastonauction.com/auction-lot/2-chinese-carved-ivory-desk-tools_56412b2a67
day2,2287,"(2) EARLY 19TH C. ENGLISH STAFFORDSHIRE JUGS",800,1200,250,3,3,https://live.thomastonauction.com/auction-lot/2-early-19th-c-english-staffordshire-jugs_03fe352ee3
day2,2276,"(2) EARLY ENGLISH MOCHA WARE MUGS",800,1200,250,3,2,https://live.thomastonauction.com/auction-lot/2-early-english-mocha-ware-mugs_e122b3a4b9
day2,2071,"(2) HAND FORGED 19TH C. WHALING HARPOON TIPS",300,500,100,3,2,https://live.thomastonauction.com/auction-lot/2-hand-forged-19th-c-whaling-harpoon-tips_f3bbc8f2ff
day2,2073,"(2) HAND FORGED IRON WHALING HARPOON TIPS, BENT",300,500,100,3,1,https://live.thomastonauction.com/auction-lot/2-hand-forged-iron-whaling-harpoon-tips-bent_1c57769a8a
day2,2443,"(2) ISLAMIC MANUSCRIPT QUR'AN LEAVES",500,700,100,3,3,https://live.thomastonauction.com/auction-lot/2-islamic-manuscript-quran-leaves_c8e4085397
day2,2461,"(2) NORTH AFRICAN SILVER AMULET PENDANTS",200,300,50,3,2,https://live.thomastonauction.com/auction-lot/2-north-african-silver-amulet-pendants_75f0b3fee7
day2,2321,"(2) ORIGINAL DRAWINGS BY JOHN LEECH (UK, 1817-1864)",300,400,100,3,4,https://live.thomastonauction.com/auction-lot/2-original-drawings-by-john-leech-uk-1817-1864_759b9a7b6a
day2,2439,"(2 PCS) ANCIENT ASSYRIAN SANDSTONE RUBBLE",400,600,100,3,1,https://live.thomastonauction.com/auction-lot/2-pcs-ancient-assyrian-sandstone-rubble_bc988e7935
day2,2402,"(2) RARE 16TH C. GERMAN BATTLE MAPS",400,600,100,3,4,https://live.thomastonauction.com/auction-lot/2-rare-16th-c-german-battle-maps_739ebdd5be
day2,2464,"(2) REPUBLIC OF CHINA SILVER PLATES WITH INSET DOLLAR COINS",400,600,100,3,2,https://live.thomastonauction.com/auction-lot/2-republic-of-china-silver-plates-with-inset-doll_5a812addae
day2,2441,"(2) SAFAVID COPPER BOWLS",1000,1200,500,3,4,https://live.thomastonauction.com/auction-lot/2-safavid-copper-bowls_e3be0f2ce3
day2,2507,"(2) TIBETAN WOOL CARPETS",600,800,250,3,6,https://live.thomastonauction.com/auction-lot/2-tibetan-wool-carpets_0b092e144f
day2,2156,"(2) TRI-PLY BENTWOOD & WIRE FARMHOUSE SIFTERS",200,300,50,3,2,https://live.thomastonauction.com/auction-lot/2-tri-ply-bentwood-wire-farmhouse-sifters_1623776fc6
day2,2454,"(2) TURKOMAN SILVER, CARNELIAN, AND DANGLE PENDANTS",300,500,100,3,2,https://live.thomastonauction.com/auction-lot/2-turkoman-silver-carnelian-and-dangle-pendants_177df1f0c2
day2,2028,"(2 VOLS) 1833-1879 NEW BEDFORD WHALER'S CHANDLER HOUSE ACCOUNTS LEDGER",1000,1500,500,3,2,https://live.thomastonauction.com/auction-lot/2-vols-1833-1879-new-bedford-whalers-chandler-hou_0ee82e9449
day2,2236,"(2) X-RARE 1840 & 1841 MISSIONARY MAIL COVERS CANTON TO SIAM & CANTON TO BANGKOK",500,700,100,3,3,https://live.thomastonauction.com/auction-lot/2-x-rare-1840-1841-missionary-mail-covers-canton-_b4ce23b91d
day2,2240,"(22) LETTERS FROM US SENATORS, REPRESENTATIVES AND OTHERS, 1939-1946, INCLUDING JFK IN MAY 1958",1000,2000,500,3,5,https://live.thomastonauction.com/auction-lot/22-letters-from-us-senators-representatives-and-o_d119a110e8
day2,2438,"(25 PCS IN 3 BOXES) OTTOMAN TURKISH IZNIK TILES RESCUED FROM RUBBLE",500,750,100,3,2,https://live.thomastonauction.com/auction-lot/25-pcs-in-3-boxes-ottoman-turkish-iznik-tiles-res_d290018dd4
day2,2194,"(28 PCS) CHINESE EXPORT PORCELAIN WITH GILT DECORATION, 19TH CENTURY",500,700,100,3,5,https://live.thomastonauction.com/auction-lot/28-pcs-chinese-export-porcelain-with-gilt-decorat_957d3b9b8f
day2,2498,"(2PCS) CHINESE CARVED 14K GOLD AND JADEITE SUITE",600,800,250,3,2,https://live.thomastonauction.com/auction-lot/2pcs-chinese-carved-14k-gold-and-jadeite-suite_9202d429dc
day2,2504,"(3) 19TH C. CHINESE IVORY FANS, NICHOLS FAMILY",250,350,50,3,4,https://live.thomastonauction.com/auction-lot/3-19th-c-chinese-ivory-fans-nichols-family_c011a95b22
day2,2506,"(3) 19TH C. HISPANIC COLONIAL PITH PAINTINGS, (2) ARE FRAMED",600,800,250,3,4,https://live.thomastonauction.com/auction-lot/3-19th-c-hispanic-colonial-pith-paintings-2-are-f_f5477b0fba
day2,2497,"(3) CHINESE BLUE AND WHITE PORCELAIN VASE LAMPS",300,500,100,3,4,https://live.thomastonauction.com/auction-lot/3-chinese-blue-and-white-porcelain-vase-lamps_b632ca90bc
day2,2485,"(3) CHINESE EXPORT PITH PAPER PAINTINGS OF FIGURAL BOATS AND PROCESSIONAL SCENES",600,800,250,3,4,https://live.thomastonauction.com/auction-lot/3-chinese-export-pith-paper-paintings-of-figural-_2bb7fe7cf6
day2,2368,"(3) FRENCH FOLIOS",250,350,125,3,4,https://live.thomastonauction.com/auction-lot/3-french-folios_057ed26096
day2,2115,"(3) SMALL EARLY NAUTICAL PRINTS",200,300,50,3,4,https://live.thomastonauction.com/auction-lot/3-small-early-nautical-prints_e3e8f438cc
day2,2508,"(3) TIBETAN SADDLE RUGS",500,700,100,3,2,https://live.thomastonauction.com/auction-lot/3-tibetan-saddle-rugs_0c07cb6600
day2,2059,"(3) UNUSED POLISHED WHALE'S TEETH",400,600,100,3,2,https://live.thomastonauction.com/auction-lot/3-unused-polished-whales-teeth_d3c8c3a642
day2,2141,"(4) 18TH C. BIRDCAGE WINDSOR SIDE CHAIRS",800,1000,250,3,2,https://live.thomastonauction.com/auction-lot/4-18th-c-birdcage-windsor-side-chairs_c02300cb8e
day2,2012,"(4) 19TH C. WHALING LONGBOATS IN WHALE BONE",300,500,100,3,3,https://live.thomastonauction.com/auction-lot/4-19th-c-whaling-longboats-in-whale-bone_f1fce57a75
day2,2462,"(4) ANDEAN SILVER SHAWL PINS",300,500,100,3,1,https://live.thomastonauction.com/auction-lot/4-andean-silver-shawl-pins_e597f7509f
day2,2482,"(4) CHINESE CARVED HARDWOOD NESTING TABLES",600,800,250,3,3,https://live.thomastonauction.com/auction-lot/4-chinese-carved-hardwood-nesting-tables_c60de3239b
day2,2281,"(4) GEORGE III STERLING CANDLESTICKS, DANIEL SMITH & ROBERT SHARP",2500,3500,1200,3,4,https://live.thomastonauction.com/auction-lot/4-george-iii-sterling-candlesticks-daniel-smith-r_0be43030dc
day2,2104,"(4) ORIGINAL LATE 19TH C. DRAWINGS BY SAILOR",300,400,100,3,2,https://live.thomastonauction.com/auction-lot/4-original-late-19th-c-drawings-by-sailor_a5b9fb2ca1
day2,2328,"(4) PANORAMIC PRINTS OF EARLY ENGLISH RAILWAY EVENTS",500,700,100,3,3,https://live.thomastonauction.com/auction-lot/4-panoramic-prints-of-early-english-railway-events_3772efcf5c
day2,2066,"(4 PC) ANTIQUE NAUTICAL FLAG COLLECTiON",600,800,250,3,1,https://live.thomastonauction.com/auction-lot/4-pc-antique-nautical-flag-collection_6123a3c7b4
day2,2308,"(5) 19TH C. ENGLISH STERLING SILVER SPOONS",300,500,100,3,2,https://live.thomastonauction.com/auction-lot/5-19th-c-english-sterling-silver-spoons_d518085c26
day2,2325,"(5) 19TH C. ENGLISH STERLING TEASPOONS",200,300,50,3,3,https://live.thomastonauction.com/auction-lot/5-19th-c-english-sterling-teaspoons_3831142ab4
day2,2101,"(5) 19TH C. MARINE NAVIGATION RULERS",200,300,50,3,2,https://live.thomastonauction.com/auction-lot/5-19th-c-marine-navigation-rulers_fdf9e9fac3
day2,2448,"(5) INDIAN AND HIMALAYAN BRONZE AND SOAPSTONE FIGURAL OBJECTS",300,500,100,3,3,https://live.thomastonauction.com/auction-lot/5-indian-and-himalayan-bronze-and-soapstone-figur_31caab0172
day2,2346,"(5) LATE 19TH C. FRENCH FIGURAL FANS, NICHOLS FAMILY",250,350,50,3,3,https://live.thomastonauction.com/auction-lot/5-late-19th-c-french-figural-fans-nichols-family_12f8268a8e
day2,2362,"(5) MINIATURE PORTRAITS, FRENCH AND ENGLISH",500,700,100,3,2,https://live.thomastonauction.com/auction-lot/5-miniature-portraits-french-and-english_a8da345140
day2,2074,"(5) WHALING LONG TOOLS",200,300,50,3,2,https://live.thomastonauction.com/auction-lot/5-whaling-long-tools_3a5aff80ae
day2,2159,"(6) CA. 1800 NEHEMIAH DODGE COIN SILVER SPOONS",300,400,100,3,2,https://live.thomastonauction.com/auction-lot/6-ca-1800-nehemiah-dodge-coin-silver-spoons_89696e8148
day2,2279,"(7) 18TH C. ENGLISH PEWTER PLATES",200,300,50,3,2,https://live.thomastonauction.com/auction-lot/7-18th-c-english-pewter-plates_d3e6477fb3
day2,2106,"(7) WOODEN NAUTICAL RIGGING BLOCKS",200,300,50,3,1,https://live.thomastonauction.com/auction-lot/7-wooden-nautical-rigging-blocks_eec1a7e696
day2,2123,"(8) 19TH C. CARVED WOODEN BUTTER STAMPS",300,500,175,3,1,https://live.thomastonauction.com/auction-lot/8-19th-c-carved-wooden-butter-stamps_3b17498b8b
day2,2323,"(8) 19TH C. ENGLISH STERLING SILVER TEASPOONS",200,300,50,3,2,https://live.thomastonauction.com/auction-lot/8-19th-c-english-sterling-silver-teaspoons_05157ee368
day2,2463,"(8) PERUVIAN TEXTILES & (2) COPTIC, FRAMED",1500,2000,750,3,6,https://live.thomastonauction.com/auction-lot/8-peruvian-textiles-2-coptic-framed_b3a8840c1a
day2,2313,"(9) 19TH C. PEWTER MEASURES",500,700,100,3,1,https://live.thomastonauction.com/auction-lot/9-19th-c-pewter-measures_769cf889f3
day2,2468,"(9) ANTIQUE ASIAN OPIUM PIPES",600,800,250,3,2,https://live.thomastonauction.com/auction-lot/9-antique-asian-opium-pipes_8a16c6c708
day2,2418,"A. PICTOU ""VISITING THE BLACKSMITH""",1000,2000,500,3,4,https://live.thomastonauction.com/auction-lot/a-pictou-visiting-the-blacksmith_dcaa6a9f2e
day2,2263,"ABRASHED PERSIAN RUG (6'6"" x 4'7"")",400,600,100,3,4,https://live.thomastonauction.com/auction-lot/abrashed-persian-rug-66-x-47_eada3481fb
day2,2284,"AFTER JOSHUA REYNOLDS",2000,3000,1000,3,5,https://live.thomastonauction.com/auction-lot/after-joshua-reynolds_28464c388d
day2,2069,"ALBERT E. DOWNS (MA, 1856-1923)",1000,1500,500,3,5,https://live.thomastonauction.com/auction-lot/albert-e-downs-ma-1856-1923_be416c1a7f
day2,2239,"ALBERT JEAN ADOLPHE (PA, 1865-1940)",700,900,250,3,5,https://live.thomastonauction.com/auction-lot/albert-jean-adolphe-pa-1865-1940_dc9c92e885
day2,2293,"ALFRED HEATON COOPER (UK/NORWAY, 1864-1929)",300,400,100,3,5,https://live.thomastonauction.com/auction-lot/alfred-heaton-cooper-uk-norway-1864-1929_d8c863d34e
day2,2229,"ALFRED THOMPSON BRICHER (NY/NH, 1837-1908)",2000,3000,1000,3,7,https://live.thomastonauction.com/auction-lot/alfred-thompson-bricher-ny-nh-1837-1908_7af9ef9640
day2,2006,"ALTHEA MACY (1901-1997) (5) IVORY RELIEF CARVINGS OF WHALES",1000,1500,500,3,6,https://live.thomastonauction.com/auction-lot/althea-macy-1901-1997-5-ivory-relief-carvings-of-_094b5347a9
day2,2223,"AMEDEE JOULLIN (MA/CA, 1862-1917)",2000,3000,1000,3,4,https://live.thomastonauction.com/auction-lot/amedee-joullin-ma-ca-1862-1917_b37316ac10
day2,2152,"AMERICAN FEDERAL DROP-LEAF TIGER MAPLE STAND",500,700,100,3,3,https://live.thomastonauction.com/auction-lot/american-federal-drop-leaf-tiger-maple-stand_f17915dda8
day2,2203,"AMERICAN HEPPLEWHITE CHEST",1000,1500,500,3,5,https://live.thomastonauction.com/auction-lot/american-hepplewhite-chest_d8ba89c1c4
day2,2058,"AMERICAN SCHOOL SHIP'S PORTRAIT",5000,7000,2500,3,4,https://live.thomastonauction.com/auction-lot/american-school-ships-portrait_c07b82baca
day2,2094,"ANNE-EMMANUELLE MARPEAU (FRANCE/ME, CONTEMPORARY)",2000,2500,1000,3,3,https://live.thomastonauction.com/auction-lot/anne-emmanuelle-marpeau-france-me-contemporary_c8cfc8523e
day2,2147,"ANTIQUE PAINTED PINE 12-DRAWER COUNTRY STORE CABINET",600,800,250,3,3,https://live.thomastonauction.com/auction-lot/antique-painted-pine-12-drawer-country-store-cabi_2e98aade1e
day2,2331,"ANTIQUE SCOTTISH ORKNEY ARMCHAIR",800,1200,250,3,2,https://live.thomastonauction.com/auction-lot/antique-scottish-orkney-armchair_4d0cac1c62
day2,2412,"ANTON MAUVE (NETH, 1838-1888)",1000,1500,550,3,6,https://live.thomastonauction.com/auction-lot/anton-mauve-neth-1838-1888_2a74303fd4
day2,2442,"ARABIC DAGGER",500,700,100,3,2,https://live.thomastonauction.com/auction-lot/arabic-dagger_f21cc00ef8
day2,2358,"ATTRIBUTED TO ANDRIES VAN EERTVELT (1590-1652) 18TH C. MARINE BATTLE SCENE",3000,5000,1500,3,6,https://live.thomastonauction.com/auction-lot/attributed-to-andries-van-eertvelt-1590-1652-18th_ff5120d586
day2,2371,"ATTRIBUTED TO CHARLES FRANCOIS DAUBIGNY (FRANCE, 1870-1878)",1000,1500,500,3,5,https://live.thomastonauction.com/auction-lot/attributed-to-charles-francois-daubigny-france-18_2f1be6e120
day2,2413,"ATTRIBUTED TO GUSTAVE DE BREANSKI (1856-1898) ""THE FISHING FLEET""",2000,3000,1000,3,4,https://live.thomastonauction.com/auction-lot/attributed-to-gustave-de-breanski-1856-1898-the-f_8a83d8b27e
day2,2347,"ATTRIBUTED TO JEAN-LEON GEROME (FRANCE, 1824-1904)",10000,15000,5000,3,5,https://live.thomastonauction.com/auction-lot/attributed-to-jean-leon-gerome-france-1824-1904_a190aa01c3
day2,2176,"ATTRIBUTED TO MARTIN JOHNSON HEADE (NY/CA/FL, 1819-1904)",1000,1500,500,3,8,https://live.thomastonauction.com/auction-lot/attributed-to-martin-johnson-heade-ny-ca-fl-1819-_14d342dfbf
day2,2212,"ATTRIBUTED TO THEODORE ROBINSON (FRANCE/NY, 1852-1896)",20000,30000,10000,3,5,https://live.thomastonauction.com/auction-lot/attributed-to-theodore-robinson-france-ny-1852-18_5284dcc1db
day2,2210,"ATTRIBUTED TO THOMAS SULLY (PA/UK, 1783-1872)",3000,5000,1500,3,4,https://live.thomastonauction.com/auction-lot/attributed-to-thomas-sully-pa-uk-1783-1872_a52e74887d
day2,2151,"ATTRIBUTED TO WILLIAM ALLEN WALL (MA, 1801-1885)",3000,5000,1500,3,4,https://live.thomastonauction.com/auction-lot/attributed-to-william-allen-wall-ma-1801-1885_4cf8fff6d2
day2,2180,"ATTRIBUTED TO WILLIAM BRADFORD",3000,5000,1500,3,5,https://live.thomastonauction.com/auction-lot/attributed-to-william-bradford_05d008a0b0
day2,2200,"BAHKTARI CARPET (6'9"" X 9'10"")",1000,1200,500,3,4,https://live.thomastonauction.com/auction-lot/bahktari-carpet-69-x-910_d629e9e594
day2,2357,"BARBIZON SCHOOL LANDSCAPE",500,700,100,3,6,https://live.thomastonauction.com/auction-lot/barbizon-school-landscape_83ef5f972d
day2,2406,"BASCILIUS BESLER (GERMANY, 1561-1629)",500,600,100,3,5,https://live.thomastonauction.com/auction-lot/bascilius-besler-germany-1561-1629_59480352b9
day2,2191,"BOSTON QUEEN ANNE/CHIPPENDALE MAHOGANY SIDE CHAIR",2000,3000,1000,3,3,https://live.thomastonauction.com/auction-lot/boston-queen-anne-chippendale-mahogany-side-chair_2adbd474f9
day2,2099,"BRASS ""DAY & NIGHT GLASS"" TELESCOPE",300,400,100,3,3,https://live.thomastonauction.com/auction-lot/brass-day-night-glass-telescope_4ca63a25cf
day2,2061,"BRASS & WOOD FIVE DRAW TELESCOPE",300,400,100,3,4,https://live.thomastonauction.com/auction-lot/brass-wood-five-draw-telescope_97a7c6db25
day2,2016,"BRIAN COOLE, (MA/UK, 1939 - )",4000,6000,2000,3,3,https://live.thomastonauction.com/auction-lot/brian-coole-ma-uk-1939_06f02d9b11
day2,2139,"C.F. HOPF, KENNEBUNK, ME GRAIN PAINTED STAND",300,400,100,3,4,https://live.thomastonauction.com/auction-lot/c-f-hopf-kennebunk-me-grain-painted-stand_bc9b8274ee
day2,2121,"CA 1810 PAIR OF NAIVE W/C PORTRAITS OF BROTHER & SISTER, PITT FAMILY PHILADELPHIA",1000,1500,500,3,3,https://live.thomastonauction.com/auction-lot/ca-1810-pair-of-naive-w-c-portraits-of-brother-si_8581e74485
day2,2120,"CANADIAN FOLK ART CARVING OF TEAMSTER",300,400,100,3,2,https://live.thomastonauction.com/auction-lot/canadian-folk-art-carving-of-teamster_65d2807f0a
day2,2190,"CARROLL SARGENT TYSON JR. (ME/PA, 1877-1956)",3000,5000,1500,3,2,https://live.thomastonauction.com/auction-lot/carroll-sargent-tyson-jr-me-pa-1877-1956_766f2ad5c8
day2,2192,"CARROLL SARGENT TYSON JR. (ME/PA, 1877-1956)",2000,3000,1000,3,3,https://live.thomastonauction.com/auction-lot/carroll-sargent-tyson-jr-me-pa-1877-1956_ffd7a8b3e8
day2,2360,"CASED 19TH C. FRENCH IVORY & SILVER COIN PURSE",200,300,50,3,4,https://live.thomastonauction.com/auction-lot/cased-19th-c-french-ivory-silver-coin-purse_4707edf71c
day2,2082,"CASED 19TH C. SPENCER, BROWNING & CO. SEXTANT",500,700,100,3,5,https://live.thomastonauction.com/auction-lot/cased-19th-c-spencer-browning-co-sextant_d6f73734fc
day2,2086,"CASED US NAVY STANDARD PELORUS COMPASS",400,600,100,3,4,https://live.thomastonauction.com/auction-lot/cased-us-navy-standard-pelorus-compass_2a78f311cf
day2,2215,"CAUCASIAN RUG (3' 8"" x 6' 1"")",800,1200,250,3,3,https://live.thomastonauction.com/auction-lot/caucasian-rug-3-8-x-6-1_16788a4d2b
day2,2199,"CHARLES CODMAN (ME/MA, 1800-1842)",1000,1500,500,3,4,https://live.thomastonauction.com/auction-lot/charles-codman-me-ma-1800-1842_57e5df8010
day2,2003,"CHART OF NEW BEDFORD MASS WHALER'S SHIP FLAGS",600,800,250,3,2,https://live.thomastonauction.com/auction-lot/chart-of-new-bedford-mass-whalers-ship-flags_16e1717854
day2,2014,"CHELSEA US NAVY 24-HOUR DECK CLOCK",500,700,100,3,2,https://live.thomastonauction.com/auction-lot/chelsea-us-navy-24-hour-deck-clock_2a8751f67b
day2,2011,"CHINA TRADE SHIP PORTRAIT, CIRCA 1850",1000,1500,500,3,4,https://live.thomastonauction.com/auction-lot/china-trade-ship-portrait-circa-1850_effd9d8f2e
day2,2491,"CHINESE ANCESTOR PORTRAIT GROUP PAINTING, LATE QING TO REPUBLIC PERIOD",600,800,250,3,3,https://live.thomastonauction.com/auction-lot/chinese-ancestor-portrait-group-painting-late-qin_7f464a6e36
day2,2465,"CHINESE BLUE AND WHITE CRACKLE-GLAZED BOWL",400,600,100,3,4,https://live.thomastonauction.com/auction-lot/chinese-blue-and-white-crackle-glazed-bowl_683f02d71e
day2,2188,"CHINESE BLUE AND WHITE PORCELAIN GARDEN STOOL, LATE QING DYNASTY",600,800,250,3,4,https://live.thomastonauction.com/auction-lot/chinese-blue-and-white-porcelain-garden-stool-lat_b3fc2e6eae
day2,2211,"CHINESE BLUE GLAZED PORCELAIN GARDEN STOOL, 19TH CENTURY",600,800,250,3,4,https://live.thomastonauction.com/auction-lot/chinese-blue-glazed-porcelain-garden-stool-19th-c_2f6a428bc1
day2,2487,"CHINESE BLUE GROUND PORCELAIN JAR LAMP",500,700,100,3,2,https://live.thomastonauction.com/auction-lot/chinese-blue-ground-porcelain-jar-lamp_b048421536
day2,2480,"CHINESE BLUE GROUND SUMMER DRAGON ROBE, LATE QING DYNASTY",2000,3000,1000,3,14,https://live.thomastonauction.com/auction-lot/chinese-blue-ground-summer-dragon-robe-late-qing-_6c6a472a64
day2,2499,"CHINESE CANTON ENAMEL ON COPPER PLATE",200,400,50,3,2,https://live.thomastonauction.com/auction-lot/chinese-canton-enamel-on-copper-plate_e96d2650c9
day2,2197,"CHINESE CARPET (12'4"" x 15'2"")",1000,1500,500,3,8,https://live.thomastonauction.com/auction-lot/chinese-carpet-124-x-152_c75f596d9c
day2,2249,"CHINESE CARPET (16'3"" x 13'3"")",3000,4000,1500,3,7,https://live.thomastonauction.com/auction-lot/chinese-carpet-163-x-133_5f632b38f4
day2,2495,"CHINESE CELADON JADE DRAGON BANGLE, LATE QING",500,700,100,3,2,https://live.thomastonauction.com/auction-lot/chinese-celadon-jade-dragon-bangle-late-qing_07bd7c6516
day2,2472,"CHINESE CLAIR-DE-LUNE GLAZED PHOENIX TAIL VASE, 19TH CENTURY",500,700,100,3,3,https://live.thomastonauction.com/auction-lot/chinese-clair-de-lune-glazed-phoenix-tail-vase-19_b5044e1d50
day2,2251,"CHINESE DECO RUG (9'1"" x 11'7"")",2000,3000,1000,3,7,https://live.thomastonauction.com/auction-lot/chinese-deco-rug-91-x-117_2ae4ecde92
day2,2475,"CHINESE EMBROIDERED SILK LADY'S SHORT ROBE, LATE QING DYNASTY",500,700,100,3,3,https://live.thomastonauction.com/auction-lot/chinese-embroidered-silk-ladys-short-robe-late-qi_36da63eb21
day2,2478,"CHINESE EMBROIDERED SILK LADY'S SHORT ROBE, LATE QING DYNASTY",500,700,100,3,6,https://live.thomastonauction.com/auction-lot/chinese-embroidered-silk-ladys-short-robe-late-qi_ff54ad0f87
day2,2020,"CHINESE EXPORT CAMPHORWOOD TRUNK",600,800,250,3,4,https://live.thomastonauction.com/auction-lot/chinese-export-camphorwood-trunk_bf6d320476
day2,2490,"CHINESE EXPORT CARVED IVORY FIGURAL CHESS SET IN BOARD BOX",300,500,100,3,4,https://live.thomastonauction.com/auction-lot/chinese-export-carved-ivory-figural-chess-set-in-_3b22216506
day2,2470,"CHINESE EXPORT CLOISONNE COVERED BOX WITH JADE BUTTERFLY FINIAL",600,800,250,3,4,https://live.thomastonauction.com/auction-lot/chinese-export-cloisonne-covered-box-with-jade-bu_011e310436
day2,2469,"CHINESE EXPORT SILVER PUNCH BOWL",2500,3500,1200,3,4,https://live.thomastonauction.com/auction-lot/chinese-export-silver-punch-bowl_a86de1e9e5
day2,2182,"CHINESE HEXAGONAL PORCELAIN GARDEN SEAT",600,800,250,3,3,https://live.thomastonauction.com/auction-lot/chinese-hexagonal-porcelain-garden-seat_cff821689c
day2,2474,"CHINESE KANGXI GILT BRONZE FRAGMENT OF CONFUCIAN WARRIOR SCULPTURE",1000,1500,500,3,5,https://live.thomastonauction.com/auction-lot/chinese-kangxi-gilt-bronze-fragment-of-confucian-_eebf6badf9
day2,2477,"CHINESE LONGQUAN CELADON GLAZED CHARGER",800,1200,250,3,3,https://live.thomastonauction.com/auction-lot/chinese-longquan-celadon-glazed-charger_18862aaa0b
day2,2481,"CHINESE POWDER-BLUE GROUND FAMILLE VERTE PORCELAIN JAR LAMP",600,800,250,3,3,https://live.thomastonauction.com/auction-lot/chinese-powder-blue-ground-famille-verte-porcelai_808dab7294
day2,2492,"CHINESE QING BRONZE OFFICIAL SEAL WITH MANCHU AND SEAL SCRIPT INSCRIPTIONS",600,800,250,3,3,https://live.thomastonauction.com/auction-lot/chinese-qing-bronze-official-seal-with-manchu-and_e14eee8848
day2,2484,"CHINESE QING IVORY FIGURE OF IMMORTAL",500,700,100,3,3,https://live.thomastonauction.com/auction-lot/chinese-qing-ivory-figure-of-immortal_2cbaa791d4
day2,2488,"CHINESE RED-LACQUERED STORAGE CABINET, LATE QING TO REPUBLIC PERIOD",200,400,50,3,3,https://live.thomastonauction.com/auction-lot/chinese-red-lacquered-storage-cabinet-late-qing-t_124bbdb90f
day2,2467,"CHINESE REVERSE PAINTED MIRROR",500,700,100,3,3,https://live.thomastonauction.com/auction-lot/chinese-reverse-painted-mirror_61682c53dc
day2,2476,"CHINESE ROBIN'S EGG GLAZED PORCELAIN MEIPING VASE",400,500,100,3,2,https://live.thomastonauction.com/auction-lot/chinese-robins-egg-glazed-porcelain-meiping-vase_b49aa04e19
day2,2496,"CHINESE 'SANXING' PORCELAIN PLAQUE, 19th CENTURY",500,700,100,3,4,https://live.thomastonauction.com/auction-lot/chinese-sanxing-porcelain-plaque-19th-century_d8101784ca
day2,2500,"CHINESE WARRING STATED NECKLACE BEAD",300,500,100,3,1,https://live.thomastonauction.com/auction-lot/chinese-warring-stated-necklace-bead_ab7589a627
day2,2266,"CHINESE WOOL DEER RUG (2' 7"" x 5' 1 1/4"")",300,500,100,3,3,https://live.thomastonauction.com/auction-lot/chinese-wool-deer-rug-2-7-x-5-1-1-4_b8cdf82a27
day2,2479,"CHINESE YELLOW-GLAZED MOLDED DRAGON BOWL",300,400,100,3,4,https://live.thomastonauction.com/auction-lot/chinese-yellow-glazed-molded-dragon-bowl_19f3ac98c0
day2,2306,"CHIPPENDALE CARVED MIRROR",1000,1500,500,3,1,https://live.thomastonauction.com/auction-lot/chippendale-carved-mirror_7c0aa37547
day2,2177,"CHIPPENDALE MAHOGANY BLOCK-FRONT CHEST",10000,15000,5000,3,5,https://live.thomastonauction.com/auction-lot/chippendale-mahogany-block-front-chest_d464408ec1
day2,2375,"CIRCA 1780 ENGRAVING OF NEW ZEALAND CHIEFS & WAR CANOE",300,500,100,3,3,https://live.thomastonauction.com/auction-lot/circa-1780-engraving-of-new-zealand-chiefs-war-ca_b6fe02e18e
day2,2277,"CIRCA 1810 PORTRAIT OF A GIRL IN A REGENCY DRESS",2000,3000,1000,3,2,https://live.thomastonauction.com/auction-lot/circa-1810-portrait-of-a-girl-in-a-regency-dress_0c7f8bf74f
day2,2296,"CIRCA 1810 PORTRAIT OF IDENTIFIED GREY HAIRED BRITISH GENT",300,500,100,3,8,https://live.thomastonauction.com/auction-lot/circa-1810-portrait-of-identified-grey-haired-bri_7574eb7c06
day2,2340,"CIRCA 1830 FRENCH PAINTED HAND FAN, NICHOLS FAMILY",300,400,100,3,3,https://live.thomastonauction.com/auction-lot/circa-1830-french-painted-hand-fan-nichols-family_b074451fc9
day2,2161,"CIRCA 1840 GEORGE WASHINGTON 'CAMPAIGN' ANDIRONS",600,800,250,3,2,https://live.thomastonauction.com/auction-lot/circa-1840-george-washington-campaign-andirons_f0c76f5c5b
day2,2227,"CIRCA 1840 MINIATURE PORTRAIT OF MAN, CASED",500,700,100,3,3,https://live.thomastonauction.com/auction-lot/circa-1840-miniature-portrait-of-man-cased_3a42482c60
day2,2257,"CIRCA 1845 PORTRAIT OF YOUNG LADY",1000,1500,500,3,2,https://live.thomastonauction.com/auction-lot/circa-1845-portrait-of-young-lady_93be5bd280
day2,2365,"CIRCA 1850 FRENCH BRONZE LADIES HAND, BARBIDIENNE FOUNDRY",500,700,100,3,3,https://live.thomastonauction.com/auction-lot/circa-1850-french-bronze-ladies-hand-barbidienne-_c916f09051
day2,2421,"CIRCA 1860 PORTRAIT OF WOMAN, PROBABLY SWISS",300,500,100,3,3,https://live.thomastonauction.com/auction-lot/circa-1860-portrait-of-woman-probably-swiss_e3d3ac6680
day2,2052,"CIRCA 1890 YACHT SINK AS DAVENPORT DESK",1000,1500,500,3,2,https://live.thomastonauction.com/auction-lot/circa-1890-yacht-sink-as-davenport-desk_ccf77f6548
day2,2023,"CIRCA 1900 LAMINATED HALF HULL COASTAL SCHOONER?",800,1200,250,3,1,https://live.thomastonauction.com/auction-lot/circa-1900-laminated-half-hull-coastal-schooner_b041f6fd69
day2,2093,"CIRCA 1910 MODEL SAILING SHIP L.F. CHASE, ROCKLAND, MAINE",600,800,250,3,3,https://live.thomastonauction.com/auction-lot/circa-1910-model-sailing-ship-l-f-chase-rockland-_1312b9f873
day2,2193,"CLASSIC ARDEBIL CARPET (8' 1"" X 10' 4"")",1000,1500,500,3,7,https://live.thomastonauction.com/auction-lot/classic-ardebil-carpet-8-1-x-10-4_355653677f
day2,2109,"CLIPPER SHIP CAPTAIN'S SILK SKIFF FLAG",200,300,50,3,5,https://live.thomastonauction.com/auction-lot/clipper-ship-captains-silk-skiff-flag_6fb3f612a9
day2,2142,"COLONIAL STYLE 8-ARM WOOD & IRON CHANDELIER",300,500,100,3,1,https://live.thomastonauction.com/auction-lot/colonial-style-8-arm-wood-iron-chandelier_d3526282b7
day2,2361,"CORNELIA LORING BROOKS (FRANCE, ITALY, 1874-1970)",5000,7000,2500,3,6,https://live.thomastonauction.com/auction-lot/cornelia-loring-brooks-france-italy-1874-1970_4a63972785
day2,2119,"COUNTRY HEPPLEWHITE PAINTED STAND",300,500,100,3,3,https://live.thomastonauction.com/auction-lot/country-hepplewhite-painted-stand_bbf4f7fa0d
day2,2108,"CUSTOM CASED MODEL OF BLUENOSE SCHOONER",200,300,50,3,3,https://live.thomastonauction.com/auction-lot/custom-cased-model-of-bluenose-schooner_f7b5924fb2
day2,2087,"CUSTOM MODEL OF COASTAL SCHOONER CIRCA 1910",500,700,100,3,3,https://live.thomastonauction.com/auction-lot/custom-model-of-coastal-schooner-circa-1910_82605d7c02
day2,2503,"DIANA KAN (CHINA, 1926-2010)",600,800,250,3,5,https://live.thomastonauction.com/auction-lot/diana-kan-china-1926-2010_d646b999a1
day2,2145,"DOLORES HACKENBERGER (PA, 1930-2024)",400,600,100,3,4,https://live.thomastonauction.com/auction-lot/dolores-hackenberger-pa-1930-2024_3502de9ede
day2,2143,"DOLORES HACKENBERGER (PA, 1930-2024)",600,800,250,3,4,https://live.thomastonauction.com/auction-lot/dolores-hackenberger-pa-1930-2024_63d57ceae8
day2,2140,"DOLORES HACKENBERGER (PA, 1930-2024)",600,800,250,3,5,https://live.thomastonauction.com/auction-lot/dolores-hackenberger-pa-1930-2024_7676c115c1
day2,2138,"DOLORES HACKENBERGER (PA, 1930-2024)",800,1000,250,3,4,https://live.thomastonauction.com/auction-lot/dolores-hackenberger-pa-1930-2024_93c6bf8c30
day2,2326,"EARLY 18TH C. BRITISH BIRDSEYE ESTATE PRINT",300,500,100,3,3,https://live.thomastonauction.com/auction-lot/early-18th-c-british-birdseye-estate-print_04520ac391
day2,2424,"EARLY 18TH C. PAINTING OF CUPID, UNFRAMED",600,800,250,3,2,https://live.thomastonauction.com/auction-lot/early-18th-c-painting-of-cupid-unframed_57fe31b64f
day2,2392,"EARLY 19TH C. ITALIAN IVORY HAND FAN, NICHOLS FAMILY",250,350,50,3,3,https://live.thomastonauction.com/auction-lot/early-19th-c-italian-ivory-hand-fan-nichols-family_a1ce745f57
day2,2380,"EARLY 19TH C. ITALIAN PORTRAIT OF A GENTLEMAN, FILIPPO RE (?)",2000,3000,1000,3,6,https://live.thomastonauction.com/auction-lot/early-19th-c-italian-portrait-of-a-gentleman-fili_1a8828eb82
day2,2395,"EARLY 19TH C. ITALIAN WALNUT COMMODE",400,600,100,3,4,https://live.thomastonauction.com/auction-lot/early-19th-c-italian-walnut-commode_9f85e4b7e2
day2,2084,"EARLY 19TH C. MAHOGANY BOTTLE CASE ON STAND",400,600,100,3,3,https://live.thomastonauction.com/auction-lot/early-19th-c-mahogany-bottle-case-on-stand_2b9cd88f67
day2,2255,"EARLY 19TH C. PASTEL FRUIT STILL LIFE",800,1200,250,3,3,https://live.thomastonauction.com/auction-lot/early-19th-c-pastel-fruit-still-life_7b4b478273
day2,2144,"EARLY 19TH C. PENNSYLVANIA DUTCH PIE SAFE",1000,1500,500,3,4,https://live.thomastonauction.com/auction-lot/early-19th-c-pennsylvania-dutch-pie-safe_ac2122c69c
day2,2063,"EARLY 19TH C. PORTRAIT OF A NEW ENGLAND GENTLEMAN",800,1000,250,3,2,https://live.thomastonauction.com/auction-lot/early-19th-c-portrait-of-a-new-england-gentleman_c346879c14
day2,2489,"EARLY 20TH C. CHINESE IVORY DOCTOR'S DOLL",300,400,100,3,2,https://live.thomastonauction.com/auction-lot/early-20th-c-chinese-ivory-doctors-doll_dc789c9505
day2,2268,"EARLY 20TH C. TEKKE BOKHARA RUG (6'9"" x 9'10"")",600,800,250,3,4,https://live.thomastonauction.com/auction-lot/early-20th-c-tekke-bokhara-rug-69-x-910_dc9f485c14
day2,2015,"EARLY 20TH C. WHALING SHIP WEATHERVANE",1000,1500,500,3,2,https://live.thomastonauction.com/auction-lot/early-20th-c-whaling-ship-weathervane_4c8f420fd1
day2,2057,"EARLY BRASS MOUNTED WOODEN TELESCOPE",300,400,100,3,1,https://live.thomastonauction.com/auction-lot/early-brass-mounted-wooden-telescope_391aa9d3ba
day2,2329,"EARLY CHIP CARVED WALNUT DINING CHAIRS",1000,1500,500,3,8,https://live.thomastonauction.com/auction-lot/early-chip-carved-walnut-dining-chairs_c2a873ed22
day2,2133,"EARLY NEEDLEWORK SAMPLER, 19TH CENTURY",300,500,100,3,2,https://live.thomastonauction.com/auction-lot/early-needlework-sampler-19th-century_ccc6ecfac8
day2,2129,"EARLY NEEDLEWORK SAMPLER, BY R. M. HOLMES",2000,3000,1000,3,2,https://live.thomastonauction.com/auction-lot/early-needlework-sampler-by-r-m-holmes_0e28f84bf3
day2,2196,"EASTMAN JOHNSON (MA/ME, 1824-1906)",3000,5000,1500,3,8,https://live.thomastonauction.com/auction-lot/eastman-johnson-ma-me-1824-1906_92a679247c
day2,2158,"EBENEZER NOYES MOULTON COIN SILVER LADLE",300,400,100,3,3,https://live.thomastonauction.com/auction-lot/ebenezer-noyes-moulton-coin-silver-ladle_fd3aba7108
day2,2390,"EDMUND QUINCY (MA/ITALY,1903-1997)",600,800,250,3,5,https://live.thomastonauction.com/auction-lot/edmund-quincy-ma-italy-1903-1997_e03454560c
day2,2262,"EDWARD EMERSON SIMMONS (MA/NY, 1852-1931)",800,1200,250,3,5,https://live.thomastonauction.com/auction-lot/edward-emerson-simmons-ma-ny-1852-1931_bfd7b84ffb
day2,2235,"EDWARD HENRY POTTHAST (NY/OH, 1857-1927)",3000,5000,1500,3,4,https://live.thomastonauction.com/auction-lot/edward-henry-potthast-ny-oh-1857-1927_29164e9dd6
day2,2309,"EDWARDIAN ERA BRASS BOUND OAK STANDING BUCKET",300,500,100,3,2,https://live.thomastonauction.com/auction-lot/edwardian-era-brass-bound-oak-standing-bucket_de79f93648
day2,2185,"ELIPHALET FRASER ANDREWS (DC/OH, 1835-1915)",5000,7000,2500,3,5,https://live.thomastonauction.com/auction-lot/eliphalet-fraser-andrews-dc-oh-1835-1915_eb52bf2b35
day2,2178,"EMIL FUCHS (1866-1929)",3000,4000,5000,3,3,https://live.thomastonauction.com/auction-lot/emil-fuchs-1866-1929_1d0b59deb5
day2,2317,"ENGLISH CHIPPENDALE MINIATURE CHEST",700,900,250,3,4,https://live.thomastonauction.com/auction-lot/english-chippendale-miniature-chest_ac75b60f24
day2,2304,"ENGLISH EDWARDIAN BURL KNEEHOLE DESK",800,1200,250,3,4,https://live.thomastonauction.com/auction-lot/english-edwardian-burl-kneehole-desk_a5f78a40a4
day2,2294,"ENGLISH LIVERPOOL PITCHER WITH COMMODORE PREBLE",400,600,100,3,3,https://live.thomastonauction.com/auction-lot/english-liverpool-pitcher-with-commodore-preble_3f6c07a314
day2,2314,"ENGLISH MAHOGANY CHIPPENDALE WALL CORNER CABINET",300,500,100,3,3,https://live.thomastonauction.com/auction-lot/english-mahogany-chippendale-wall-corner-cabinet_dd23518c75
day2,2298,"ENGLISH SIDEBOARD",600,800,250,3,7,https://live.thomastonauction.com/auction-lot/english-sideboard_5d02d1343f
day2,2285,"ENGLISH TALL CASE CLOCK WITH MOON PHASE DIAL, SIGNED EDWARD GLASE, BRIDGNORTH, CIRCA 1800",2000,2500,1000,3,7,https://live.thomastonauction.com/auction-lot/english-tall-case-clock-with-moon-phase-dial-sign_7b7f77d41d
day2,2414,"ERNST ADOLF MEISSNER (GERMANY/ITALY, 1837-1902)",1000,2000,500,3,3,https://live.thomastonauction.com/auction-lot/ernst-adolf-meissner-germany-italy-1837-1902_655eb6dcee
day2,2148,"F.B. NORTON, WORCESTER, MA STONEWARE JUG",200,300,50,3,3,https://live.thomastonauction.com/auction-lot/f-b-norton-worcester-ma-stoneware-jug_4e762ebbde
day2,2164,"FABRIC PRINT OF WILLIAM PENN, FRAMED",600,800,250,3,2,https://live.thomastonauction.com/auction-lot/fabric-print-of-william-penn-framed_345907a638
day2,2222,"FEDERAL CHERRY WOOD COOKIE CORNER STAND",600,800,250,3,3,https://live.thomastonauction.com/auction-lot/federal-cherry-wood-cookie-corner-stand_925e73a963
day2,2411,"FELIX COHN (19TH-20TH C. GERMANY)",300,400,100,3,4,https://live.thomastonauction.com/auction-lot/felix-cohn-19th-20th-c-germany_0f5e932b6b
day2,2221,"FEREGHAN SAROUK (4'3""x6'9"")",800,1200,250,3,3,https://live.thomastonauction.com/auction-lot/fereghan-sarouk-43-x69_4caa5be7d9
day2,2382,"FERNAND CIAN (FERNANDO CIANCIANANI) (ITALY, 1889-1954)",1000,1500,500,3,7,https://live.thomastonauction.com/auction-lot/fernand-cian-fernando-ciancianani-italy-1889-1954_462f40b3dc
day2,2077,"FINE 19TH C. OAK HALL BENCH",2000,3000,1000,3,4,https://live.thomastonauction.com/auction-lot/fine-19th-c-oak-hall-bench_e7f504ef8c
day2,2170,"FINELY CARVED AND GILT EAGLE, POSSIBLY MASONIC",600,800,250,3,2,https://live.thomastonauction.com/auction-lot/finely-carved-and-gilt-eagle-possibly-masonic_16f48120c9
day2,2486,"FINELY CARVED CHINESE HARDWOOD BIRD CAGE WITH ACCESSORIES",500,700,100,3,3,https://live.thomastonauction.com/auction-lot/finely-carved-chinese-hardwood-bird-cage-with-acc_66fc995d8a
day2,2260,"FLORAL RUG (8'1"" x 5'5"")",500,700,100,3,3,https://live.thomastonauction.com/auction-lot/floral-rug-81-x-55_b2c102b1c8
day2,2396,"FLORENTINE RELIEF STUCCO OF THE MADONNA AND CHILD, FOLLOWER OF DONATELLO (1386-1466)",20000,30000,10000,3,2,https://live.thomastonauction.com/auction-lot/florentine-relief-stucco-of-the-madonna-and-child_a65b8196ed
day2,2125,"FOLK ART PORTRAIT OF TWO SIBLINGS",2500,3500,1200,3,3,https://live.thomastonauction.com/auction-lot/folk-art-portrait-of-two-siblings_2fd265f201
day2,2113,"FRAMED 1846 BOOK PROSPECTUS ""ORIGIN OF STEAM NAVIGATION""",200,300,50,3,2,https://live.thomastonauction.com/auction-lot/framed-1846-book-prospectus-origin-of-steam-navig_aa2f923b2d
day2,2345,"FRAMED ROYAL VIENNA PORCELAIN PLAQUE WITH NAPOLEON PAINTING",800,1200,250,3,5,https://live.thomastonauction.com/auction-lot/framed-royal-vienna-porcelain-plaque-with-napoleo_7fc1581101
day2,2116,"FRAMED SHIP'S PASSPORT 1851 BOSTON",200,300,50,3,3,https://live.thomastonauction.com/auction-lot/framed-ships-passport-1851-boston_4fb8d97106
day2,2432,"FRAMED TURKISH TEXTILE",500,700,125,3,3,https://live.thomastonauction.com/auction-lot/framed-turkish-textile_22f997c98e
day2,2114,"FRAMED WHALEMEN'S SHIPPING LIST 1894",200,300,50,3,3,https://live.thomastonauction.com/auction-lot/framed-whalemens-shipping-list-1894_80973c5fca
day2,2385,"FRANCESCO LAZZARO GUARDI (ITALY, 1712-1793)",2000,3000,1000,3,4,https://live.thomastonauction.com/auction-lot/francesco-lazzaro-guardi-italy-1712-1793_2d9223ebfb
day2,2250,"FRANK PENFIELD (NY/FRANCE, 1849-1921)",600,800,250,3,5,https://live.thomastonauction.com/auction-lot/frank-penfield-ny-france-1849-1921_8edda67312
day2,2216,"FREDERIC SACKRIDER REMINGTON (NY/KS/CT, 1861-1909)",5000,7000,2500,3,3,https://live.thomastonauction.com/auction-lot/frederic-sackrider-remington-ny-ks-ct-1861-1909_ab2985a1f5
day2,2231,"FREDERICK JUDD WAUGH (NJ/MA, 1861-1940)",8000,12000,4000,3,6,https://live.thomastonauction.com/auction-lot/frederick-judd-waugh-nj-ma-1861-1940_aa514ad7ec
day2,2252,"FREDERICK TRAPP FRIIS (MA/NY/FRANCE/ITALY, 1865-1909)",700,900,250,3,7,https://live.thomastonauction.com/auction-lot/frederick-trapp-friis-ma-ny-france-italy-1865-1909_43bfc63521
day2,2367,"FRENCH BARBIZON SCHOOL LANDSCAPE",500,700,100,3,6,https://live.thomastonauction.com/auction-lot/french-barbizon-school-landscape_92fb37e87b
day2,2292,"GEORGE II PERIOD STERLING SILVER TAZZA BY WILLIAM CRIPPS",1600,2500,800,3,3,https://live.thomastonauction.com/auction-lot/george-ii-period-sterling-silver-tazza-by-william_b206bb2477
day2,2286,"GEORGE III PERIOD STERLING SILVER SKEWER",100,200,50,3,2,https://live.thomastonauction.com/auction-lot/george-iii-period-sterling-silver-skewer_e8918f755d
day2,2300,"GEORGE III STERLING TANKARD BY WILLIAM CRIPPS",500,700,150,3,6,https://live.thomastonauction.com/auction-lot/george-iii-sterling-tankard-by-william-cripps_26d25e7142
day2,2218,"GEORGE INNESS (NY/MA/SCOTLAND, 1825-1894)",2000,3000,1000,3,4,https://live.thomastonauction.com/auction-lot/george-inness-ny-ma-scotland-1825-1894_02f15a4f09
day2,2336,"GEORGES W.B. BROWN (SCOTLAND, 1831-1909)",300,400,100,3,3,https://live.thomastonauction.com/auction-lot/georges-w-b-brown-scotland-1831-1909_30f1668e1e
day2,2398,"GIOVANNI BAPTISTA PIRANESI (ITALY, 1720-1778)",500,800,100,3,3,https://live.thomastonauction.com/auction-lot/giovanni-baptista-piranesi-italy-1720-1778_c0d204d450
day2,2399,"GIOVANNI BAPTISTA PIRANESI (ITALY, 1720-1778)",500,800,100,3,3,https://live.thomastonauction.com/auction-lot/giovanni-baptista-piranesi-italy-1720-1778_ceb2c2991a
day2,2354,"GRAND TOUR MINIATURE FRENCH PORTRAIT AFTER NATTIER",500,700,100,3,2,https://live.thomastonauction.com/auction-lot/grand-tour-miniature-french-portrait-after-nattier_9ec3716d04
day2,2225,"GREENLEAF 1843 STATE OF MAINE SCHOOLHOUSE MAP 1ST W/ FINAL BORDER",6000,8000,3000,3,3,https://live.thomastonauction.com/auction-lot/greenleaf-1843-state-of-maine-schoolhouse-map-1st_5ba9937923
day2,2102,"GROUP (12) EARLY 19TH C. AMERICAN SHIP & PRIVATE PASSPORTS",400,600,100,3,2,https://live.thomastonauction.com/auction-lot/group-12-early-19th-c-american-ship-private-passp_d1f251cbe3
day2,2080,"GROUP EARLY 19TH C. LETTERS SEA CAPTAIN ROBERTS FAMILY, MANCHESTER VT",500,700,100,3,2,https://live.thomastonauction.com/auction-lot/group-early-19th-c-letters-sea-captain-roberts-fa_d9fcd22853
day2,2105,"GROUP WAR OF 1812 ROYAL NAVY DOCUMENTS SOME ADMIRALS SIGNED",2000,3000,1000,3,2,https://live.thomastonauction.com/auction-lot/group-war-of-1812-royal-navy-documents-some-admir_3bcfc1e433
day2,2394,"GUGLIELMO INNOCENTI (ITALY, 1871-1961)",600,800,250,3,4,https://live.thomastonauction.com/auction-lot/guglielmo-innocenti-italy-1871-1961_6fe4120716
day2,2238,"GUY CARLETON WIGGINS (NY/CT/FL, 1883-1962)",1000,1500,500,3,4,https://live.thomastonauction.com/auction-lot/guy-carleton-wiggins-ny-ct-fl-1883-1962_d5ddffe3bf
day2,2083,"H. TASKER PORTRAIT OF THE USS MAINE",1200,1500,600,3,5,https://live.thomastonauction.com/auction-lot/h-tasker-portrait-of-the-uss-maine_3168c1fe89
day2,2254,"HAMADAN RUG (12'8"" x 9')",800,1000,250,3,4,https://live.thomastonauction.com/auction-lot/hamadan-rug-128-x-9_ef102ab782
day2,2259,"HARRY (HENRY) CHASE (MA/NY/VT/HOLLAND, 1853-1899)",3000,5000,1500,3,4,https://live.thomastonauction.com/auction-lot/harry-henry-chase-ma-ny-vt-holland-1853-1899_fbf0d867b2
day2,2407,"HARRY ZEEGERS (NETHERLANDS, 1929- )",600,800,250,3,4,https://live.thomastonauction.com/auction-lot/harry-zeegers-netherlands-1929_8b428a941c
day2,2316,"HENRY NOBLE (UK, 1896-1984)",300,400,100,3,4,https://live.thomastonauction.com/auction-lot/henry-noble-uk-1896-1984_5b858fa095
day2,2226,"HERIZ CARPET (10' 3"" X 13' 3"")",1500,2500,750,3,6,https://live.thomastonauction.com/auction-lot/heriz-carpet-103-x-133_ea361b3cde
day2,2181,"HERIZ RUG (10'8"" x 9'4"")",800,1200,500,3,4,https://live.thomastonauction.com/auction-lot/heriz-rug-108-x-94_9a019b8364
day2,2175,"HERIZ RUG (11'2"" x 8'2"")",1000,2000,500,3,6,https://live.thomastonauction.com/auction-lot/heriz-rug-112-x-82_095b079030
day2,2220,"HERMAN MOLL CA 1730 ""BEAVER MAP"" OF BRITISH NORTH AMERICA,",6000,8000,3000,3,4,https://live.thomastonauction.com/auction-lot/herman-moll-ca-1730-beaver-map-of-british-north-a_32dbfc5cf8
day2,2169,"HISTORIC 1793 NEWBURYPORT MASS MEMORIAL OF ELIZABETH TITCOMB",600,800,250,3,3,https://live.thomastonauction.com/auction-lot/historic-1793-newburyport-mass-memorial-of-elizab_fa9488ff5e
day2,2270,"HOWARD HALL DARNELL (PA/ME, 1858-1939)",1000,1500,500,3,4,https://live.thomastonauction.com/auction-lot/howard-hall-darnell-pa-me-1858-1939_7aa5680f17
day2,2267,"HOWARD HALL DARNELL (PA/ME, 1858-1939)",1000,1500,500,3,3,https://live.thomastonauction.com/auction-lot/howard-hall-darnell-pa-me-1858-1939_a97e73b51d
day2,2269,"HOWARD HALL DARNELL (PA/ME, 1858-1939)",1000,1500,500,3,3,https://live.thomastonauction.com/auction-lot/howard-hall-darnell-pa-me-1858-1939_e136413e8e
day2,2483,"HUANG XUANZHI (CHINESE, 1924-2016) ""SUMMER DAY,"" WOODCUT PRINT, 1962",300,500,100,3,4,https://live.thomastonauction.com/auction-lot/huang-xuanzhi-chinese-1924-2016-summer-day-woodcu_de3b196439
day2,2214,"IN THE MANNER OF ALFRED JACOB MILLER (MD, 1810-1874)",10000,20000,5000,3,5,https://live.thomastonauction.com/auction-lot/in-the-manner-of-alfred-jacob-miller-md-1810-1874_0f31724ac8
day2,2383,"IN THE MANNOR OF GIOVANNI GHISOLFI (ITALY 1613-1683) THREE FIGURES WITH RUINS",2000,3000,1000,3,4,https://live.thomastonauction.com/auction-lot/in-the-mannor-of-giovanni-ghisolfi-italy-1613-168_4c727b6869
day2,2271,"INDO PERSIAN 2 PIECE RUG SET",300,500,100,3,1,https://live.thomastonauction.com/auction-lot/indo-persian-2-piece-rug-set_03297a6477
day2,2445,"INDO-PERSIAN MINIATURE VISIONARY PAINTING",500,700,100,3,2,https://live.thomastonauction.com/auction-lot/indo-persian-miniature-visionary-painting_e7f8015fc7
day2,2305,"INLAID MAHOGANY TEA CADDY WITH MIXING BOWL",600,800,250,3,4,https://live.thomastonauction.com/auction-lot/inlaid-mahogany-tea-caddy-with-mixing-bowl_573b1084b8
day2,2426,"ITALIAN BLACK MARBLE DISPLAY PEDESTAL",1000,1500,500,3,1,https://live.thomastonauction.com/auction-lot/italian-black-marble-display-pedestal_21a975d5c7
day2,2381,"ITALIAN CABINET",1000,1500,500,3,6,https://live.thomastonauction.com/auction-lot/italian-cabinet_b619aea712
day2,2428,"ITALIAN GREEN MARBLE DISPLAY PEDESTAL",1000,1500,500,3,1,https://live.thomastonauction.com/auction-lot/italian-green-marble-display-pedestal_e9760aa2bb
day2,2431,"IZNIK BLUE & WHITE POTTERY BOWL",600,800,250,3,2,https://live.thomastonauction.com/auction-lot/iznik-blue-white-pottery-bowl_71452319b6
day2,2155,"JAMES HAMILTON & CO., GREENSBORO, PA CROCK",100,200,50,3,2,https://live.thomastonauction.com/auction-lot/james-hamilton-co-greensboro-pa-crock_5c442d9b56
day2,2341,"JEAN-BAPTISTE-CAMILLE COROT (FRANCE, 1796-1875)",20000,30000,10000,3,6,https://live.thomastonauction.com/auction-lot/jean-baptiste-camille-corot-france-1796-1875_a370958eb4
day2,2351,"JEAN CAROLUS (BELGIUM, 1814-1897)",5000,7000,2500,3,6,https://live.thomastonauction.com/auction-lot/jean-carolus-belgium-1814-1897_946b55a5cb
day2,2374,"JOHANN GEORG SAUTER (5) SWISS 1740'S MILITARY ENGRAVINGS",300,500,100,3,4,https://live.thomastonauction.com/auction-lot/johann-georg-sauter-5-swiss-1740s-military-engrav_112ac5f494
day2,2408,"JOHANNES ADAM SIMON OERTEL (NJ/VA/GERMANY, 1823-1909)",500,1000,100,3,5,https://live.thomastonauction.com/auction-lot/johannes-adam-simon-oertel-nj-va-germany-1823-1909_9aa1cef99d
day2,2206,"JOHN GEORGE BROWN (NY/UK, 1831-1913)",1500,2000,750,3,8,https://live.thomastonauction.com/auction-lot/john-george-brown-ny-uk-1831-1913_ad56ad9075
day2,2303,"JOHN SUTTON (UK, 1935 - )",600,800,250,3,3,https://live.thomastonauction.com/auction-lot/john-sutton-uk-1935_60b060fd34
day2,2301,"JOHN WILMOT, THE 2nd EARL OF ROCHESTER PORTRAIT",2000,3000,1000,3,4,https://live.thomastonauction.com/auction-lot/john-wilmot-the-2nd-earl-of-rochester-portrait_4d5f4364f6
day2,2359,"JOZEF ISRAELS (NETH, 1824-1911)",800,1200,250,3,3,https://live.thomastonauction.com/auction-lot/jozef-israels-neth-1824-1911_eecb400008
day2,2256,"KARADJA RUNNER (2'3"" X 13')",600,800,250,3,4,https://live.thomastonauction.com/auction-lot/karadja-runner-23-x-13_c9e87104a2
day2,2183,"KASHAN CARPET (10'2"" X 14'6"")",1500,2000,750,3,5,https://live.thomastonauction.com/auction-lot/kashan-carpet-102-x-146_b301cb8aa0
day2,2189,"KASHAN RUG (4'1""X6'8"")",1000,1500,500,3,4,https://live.thomastonauction.com/auction-lot/kashan-rug-41-x68_0919713c1a
day2,2405,"KATHE KOLLWITZ (GERMANY/RUSSIA, 1867-1945)",300,400,100,3,3,https://live.thomastonauction.com/auction-lot/kathe-kollwitz-germany-russia-1867-1945_b7ae03f9e7
day2,2187,"KAZAK LONG RUG (4"" X 9""6"")",1000,1500,500,3,5,https://live.thomastonauction.com/auction-lot/kazak-long-rug-4-x-96_4e2b15eac2
day2,2219,"KURDISTAN HERAT DESIGN CARPET (4' 4"" x 6' 7"")",800,1200,250,3,4,https://live.thomastonauction.com/auction-lot/kurdistan-herat-design-carpet-4-4-x-6-7_d116b2a60d
day2,2288,"LARGE 18TH C. OAK BIBLE BOX",500,700,100,3,4,https://live.thomastonauction.com/auction-lot/large-18th-c-oak-bible-box_31aa2650d7
day2,2167,"LARGE CAPE MAY NJ REV WAR SCRIMSHAW POWDER HORN",1000,1500,500,3,3,https://live.thomastonauction.com/auction-lot/large-cape-may-nj-rev-war-scrimshaw-powder-horn_9b90668550
day2,2149,"LARGE CLAIRE MURRAY 7 1/2 x 8 1/2 HOOKED RUG, BIRD & FLOWERS, COTTAGE SQUARESS",1000,1500,500,3,2,https://live.thomastonauction.com/auction-lot/large-claire-murray-7-1-2-x-8-1-2-hooked-rug-bird_b48291d551
day2,2153,"LARGE CLAIRE MURRAY 8x9 HOOKED RUG, BIRD & FLOWERS, COTTAGE CORNERS",1000,1500,500,3,2,https://live.thomastonauction.com/auction-lot/large-claire-murray-8x9-hooked-rug-bird-flowers-c_cd984956a3
day2,2013,"LARGE EARLY LAMINATE HALF HULL",800,1200,250,3,1,https://live.thomastonauction.com/auction-lot/large-early-laminate-half-hull_e35f70bdf6
day2,2352,"LARGE FRENCH LOUIS XVI GILTWORK MIRROR",1000,1500,500,3,3,https://live.thomastonauction.com/auction-lot/large-french-louis-xvi-giltwork-mirror_c485d98d5c
day2,2095,"LARGE GROUP OF PRE-1865 MARTIME SHIP'S PAPERS",600,800,250,3,2,https://live.thomastonauction.com/auction-lot/large-group-of-pre-1865-martime-ships-papers_b852744274
day2,2034,"LARGE LAMINATED HALF HULL",600,800,250,3,1,https://live.thomastonauction.com/auction-lot/large-laminated-half-hull_7d229fc401
day2,2450,"LARGE MID-19TH C. INDIAN MUGHAL PAINTING",200,300,50,3,2,https://live.thomastonauction.com/auction-lot/large-mid-19th-c-indian-mughal-painting_b8b4588577
day2,2451,"LARGE OTTOMAN BRONZE PEDESTAL BRAZIER",400,600,100,3,3,https://live.thomastonauction.com/auction-lot/large-ottoman-bronze-pedestal-brazier_5d8504b7a8
day2,2172,"LARGE PERSIAN RUG (12'2"" X 9'4"")",1000,2000,500,3,1,https://live.thomastonauction.com/auction-lot/large-persian-rug-122-x-94_e7559655e7
day2,2025,"LARGE SINGLE DRAW BRASS & WOOD TELESCOPE",500,700,100,3,3,https://live.thomastonauction.com/auction-lot/large-single-draw-brass-wood-telescope_97b8879e54
day2,2509,"LARGE TIBETAN CLOISONNE TWO-PART STUPA",3500,4500,1700,3,4,https://live.thomastonauction.com/auction-lot/large-tibetan-cloisonne-two-part-stupa_3a54bcffe7
day2,2001,"LATE 18TH C. MEMENTO MORI BONE SKELETON IN WOOD COFFIN",600,800,250,3,3,https://live.thomastonauction.com/auction-lot/late-18th-c-memento-mori-bone-skeleton-in-wood-co_912a6c8e5d
day2,2060,"LATE 19TH C. WHALING SHIP MODEL",300,450,100,3,4,https://live.thomastonauction.com/auction-lot/late-19th-c-whaling-ship-model_1453c22ac4
day2,2103,"LEATHER CASED SMALL BRASS & LEATHER TELESCOPE",200,300,50,3,2,https://live.thomastonauction.com/auction-lot/leather-cased-small-brass-leather-telescope_cef90ccdd7
day2,2237,"LEMUEL MAYNARD WILES (NY/CA, 1826-1905)",1200,1500,600,3,5,https://live.thomastonauction.com/auction-lot/lemuel-maynard-wiles-ny-ca-1826-1905_f7a3f5da29
day2,2363,"LEO LAPORTE BLAIRSY (FRANCE, 1867-1923)",500,700,100,3,3,https://live.thomastonauction.com/auction-lot/leo-laporte-blairsy-france-1867-1923_449925bbb2
day2,2372,"LIFE-SIZED PORTRAIT OF 18TH C. FRENCH BISHOP",700,1000,250,3,4,https://live.thomastonauction.com/auction-lot/life-sized-portrait-of-18th-c-french-bishop_25855969c2
day2,2364,"LILLE 1737 FRENCH FAIENCE PLATTER SIGNED M. CLERC",300,500,100,3,4,https://live.thomastonauction.com/auction-lot/lille-1737-french-faience-platter-signed-m-clerc_6637cd9d61
day2,2100,"LONDON MORRIS TOBIAS & LEVITT ENGLISH SILVER VERGE FUSEE POCKET WATCH",1500,2000,750,3,8,https://live.thomastonauction.com/auction-lot/london-morris-tobias-levitt-english-silver-verge-_8b4641b3a5
day2,2389,"LOUIS AUGUSTE LAPITO (ITALY/FRANCE, 1803-1874)",600,800,250,3,4,https://live.thomastonauction.com/auction-lot/louis-auguste-lapito-italy-france-1803-1874_bd4a35c387
day2,2373,"LOUIS MATHIEU DIDIER GUILLAUME (DC/VA/FRANCE, 1816-1892)",500,700,100,3,4,https://live.thomastonauction.com/auction-lot/louis-mathieu-didier-guillaume-dc-va-france-1816-_c40f6e4ad0
day2,2004,"MAHOGANY CASED DOUBLE SAILOR'S VALENTINE",2000,3000,1000,3,4,https://live.thomastonauction.com/auction-lot/mahogany-cased-double-sailors-valentine_2144cb70be
day2,2118,"MAINE REDWARE JUG, ATTRIB. TO MATTHIAS NORCROSS",500,700,100,3,2,https://live.thomastonauction.com/auction-lot/maine-redware-jug-attrib-to-matthias-norcross_50cebe0359
day2,2289,"MANNER OF ANTHONY VAN DYCK (ENGLAND, 1599-1641)",3000,5000,1500,3,4,https://live.thomastonauction.com/auction-lot/manner-of-anthony-van-dyck-england-1599-1641_a983009d3f
day2,2173,"MARY BLOOD MELLEN (MA/NH, 1819-1886)",1000,2000,500,3,4,https://live.thomastonauction.com/auction-lot/mary-blood-mellen-ma-nh-1819-1886_67b6e97cb6
day2,2062,"""MAURITANIA"" SHIP'S MEDICAL SAFE MARKED OPIUM/HEROIN",1000,1500,500,3,4,https://live.thomastonauction.com/auction-lot/mauritania-ships-medical-safe-marked-opium-heroin_c55b71233a
day2,2029,"MEMORIAL PORTRAIT OF A YOUNG MAN CIRCA 1850",1000,2000,500,3,3,https://live.thomastonauction.com/auction-lot/memorial-portrait-of-a-young-man-circa-1850_b97b2c02b3
day2,2019,"MICHAEL KANE NANTUCKET FRIENDSHIP BASKET, 1988",1000,1500,500,3,5,https://live.thomastonauction.com/auction-lot/michael-kane-nantucket-friendship-basket-1988_9cd97078f6
day2,2134,"MID-19TH C. COVERLET, SAMUEL MUNDWILER, SENECA CO., OH",300,500,100,3,3,https://live.thomastonauction.com/auction-lot/mid-19th-c-coverlet-samuel-mundwiler-seneca-co-oh_864b3d2407
day2,2338,"MID 19TH C. FRENCH IVORY HAND FAN, NICHOLS FAMILY",300,400,100,3,2,https://live.thomastonauction.com/auction-lot/mid-19th-c-french-ivory-hand-fan-nichols-family_5ea563b615
day2,2273,"MID-19TH C. MAHOGANY TRAVELING APOTHECARY CASE",600,800,250,3,3,https://live.thomastonauction.com/auction-lot/mid-19th-c-mahogany-traveling-apothecary-case_7942f0802e
day2,2420,"MID-19TH C PORTRAIT OF WOMAN, PROBABLY SWISS",800,1200,250,3,4,https://live.thomastonauction.com/auction-lot/mid-19th-c-portrait-of-woman-probably-swiss_7efcf95d59
day2,2232,"MID 19TH C. SOLID ALDER SHAKER CHEST, PROBABLY VERMONT",2000,3000,1000,3,4,https://live.thomastonauction.com/auction-lot/mid-19th-c-solid-alder-shaker-chest-probably-verm_96997f104f
day2,2339,"MINATURE PORTRAIT OF MADAME DE LA FAYETTE",400,600,100,3,5,https://live.thomastonauction.com/auction-lot/minature-portrait-of-madame-de-la-fayette_d886d6eb1d
day2,2386,"MINIATURE ITALIAN PARQUETRY 3-DRAWER CHEST",600,800,250,3,5,https://live.thomastonauction.com/auction-lot/miniature-italian-parquetry-3-drawer-chest_c9cf5e0936
day2,2447,"MINIATURE MID-19TH C. INDIAN MUGHAL PAINTING",200,300,50,3,2,https://live.thomastonauction.com/auction-lot/miniature-mid-19th-c-indian-mughal-painting_4204d3685f
day2,2449,"MINIATURE MID-19TH C. INDIAN MUGHAL PAINTING",200,300,50,3,2,https://live.thomastonauction.com/auction-lot/miniature-mid-19th-c-indian-mughal-painting_885bb8546a
day2,2502,"MODERN CHINESE PAINTING, FRAMED",200,400,50,3,2,https://live.thomastonauction.com/auction-lot/modern-chinese-painting-framed_808bef117e
day2,2047,"MODERN HALF HULL",500,700,100,3,1,https://live.thomastonauction.com/auction-lot/modern-half-hull_0d1ce2bd2c
day2,2024,"MONTAGUE DAWSON (UK, 1890-1973)",5000,7000,2500,3,4,https://live.thomastonauction.com/auction-lot/montague-dawson-uk-1890-1973_5eda99e1b2
day2,2076,"MONUMENTAL 19TH C. PAINTING OF SHIP IN STORM",1000,1500,500,3,4,https://live.thomastonauction.com/auction-lot/monumental-19th-c-painting-of-ship-in-storm_936a41bc7e
day2,2333,"MONUMENTAL SCOTTISH ENGRAVING AFTER JACOB THOMPSON",600,800,250,3,4,https://live.thomastonauction.com/auction-lot/monumental-scottish-engraving-after-jacob-thompson_18618218ac
day2,2458,"MOROCCAN SILVER AND BEAD NECKLACE",200,300,50,3,2,https://live.thomastonauction.com/auction-lot/moroccan-silver-and-bead-necklace_e7c7047665
day2,2460,"MOROCCAN SILVER AND ENAMEL BELT ORNAMENT",600,800,250,3,1,https://live.thomastonauction.com/auction-lot/moroccan-silver-and-enamel-belt-ornament_2c21bdfd58
day2,2459,"MOROCCAN SILVER AND ENAMEL TRIANGULAR PENDANT",300,500,100,3,2,https://live.thomastonauction.com/auction-lot/moroccan-silver-and-enamel-triangular-pendant_006849bd70
day2,2027,"NAPOLEONIC ERA PRISONER OF WAR BONE CARVING SPINNING WHEEL",1000,1500,500,3,4,https://live.thomastonauction.com/auction-lot/napoleonic-era-prisoner-of-war-bone-carving-spinn_d10a657d0a
day2,2397,"NEOCLASSICAL PAINTING SIGNED ""LA ROSE""",800,1200,250,3,5,https://live.thomastonauction.com/auction-lot/neoclassical-painting-signed-la-rose_3129d68a9b
day2,2198,"NEW YORK EMPIRE MAHOGANY SETTEE, CIRCA 1920",1000,1500,500,3,3,https://live.thomastonauction.com/auction-lot/new-york-empire-mahogany-settee-circa-1920_2c411f5dd3
day2,2302,"OAK BIBLE BOX DATED 1681",400,600,100,3,3,https://live.thomastonauction.com/auction-lot/oak-bible-box-dated-1681_231aeb6e12
day2,2213,"OBLONG SHAPED TILT TOP CANDLESTAND",300,400,100,3,3,https://live.thomastonauction.com/auction-lot/oblong-shaped-tilt-top-candlestand_7aff6ba9b9
day2,2258,"ORIENTAL RUG (8' X 10')",400,600,100,3,1,https://live.thomastonauction.com/auction-lot/oriental-rug-8-x-10_b65e225ef1
day2,2433,"OTTOMAN GOLD INLAID CALLIGRAPHER'S SCISSORS",600,800,250,3,2,https://live.thomastonauction.com/auction-lot/ottoman-gold-inlaid-calligraphers-scissors_7d74152c62
day2,2126,"PAINT DECORATED COUNTRY SHERATON CHEST OF DRAWERS",2000,3000,1000,3,4,https://live.thomastonauction.com/auction-lot/paint-decorated-country-sheraton-chest-of-drawers_6777651aa6
day2,2137,"PAINTED WOODEN ""JERSEY"" COFFEE BIN",300,500,100,3,4,https://live.thomastonauction.com/auction-lot/painted-wooden-jersey-coffee-bin_d1891cc198
day2,2377,"(PAIR) MINATURE ITALIAN MICROMOSAICS OF MUSICAL COUPLES",500,700,100,3,2,https://live.thomastonauction.com/auction-lot/pair-minature-italian-micromosaics-of-musical-cou_30763f366d
day2,2415,"PR OF 17TH C. SPANISH BRASS CANDLESTICKS",500,700,100,3,3,https://live.thomastonauction.com/auction-lot/pair-of-17th-c-spanish-brass-candlesticks_2f6828c602
day2,2204,"PAIR OF MID 19TH C. PORTRAITS",1500,2500,750,3,4,https://live.thomastonauction.com/auction-lot/pair-of-mid-19th-c-portraits_83c3fda83e
day2,2009,"PAIR OF PORTRAITS IDENTIFIED AS CAPT. FOLGER & WIFE OF NANTUCKET",2000,3000,1000,3,5,https://live.thomastonauction.com/auction-lot/pair-of-portraits-identified-as-capt-folger-wife-_93320f1e37
day2,2209,"PAKISTAN BOKHARA CARPET (8'10"" x 12'10"")",800,1200,250,3,7,https://live.thomastonauction.com/auction-lot/pakistan-bokhara-carpet-810-x-1210_1ea31e153d
day2,2310,"PATERAE INLAID OCTAGONAL TEA CADDY",400,600,100,3,4,https://live.thomastonauction.com/auction-lot/paterae-inlaid-octagonal-tea-caddy_4abc5bfbe1
day2,2343,"PAUL EMILE PISSARRO (FRANCE, 1884-1972)",3000,5000,1500,3,5,https://live.thomastonauction.com/auction-lot/paul-emile-pissarro-france-1884-1972_68d5a89892
day2,2017,"PAUL F. WHITTEN (1909-1997) NANTUCKET BASKET PURSE",1000,1500,500,3,4,https://live.thomastonauction.com/auction-lot/paul-f-whitten-1909-1997-nantucket-basket-purse_d30a1c8935
day2,2348,"PERIOD FRENCH EMPIRE MINIATURE PORTRAIT",500,700,100,3,2,https://live.thomastonauction.com/auction-lot/period-french-empire-miniature-portrait_471d25e3bc
day2,2217,"PERIOD NEW ENGLAND CHIPPENDALE SLANT LID DESK",800,1000,250,3,5,https://live.thomastonauction.com/auction-lot/period-new-england-chippendale-slant-lid-desk_3f861b6404
day2,2246,"PERSIAN CARPET (11'5"" x 8')",700,900,250,3,4,https://live.thomastonauction.com/auction-lot/persian-carpet-115-x-8_99fbbf667c
day2,2233,"PERSIAN LAVAR KERMAN PICTORIAL RUG (3' 5 1/2"" x 5' 1 1/2"")",600,800,250,3,3,https://live.thomastonauction.com/auction-lot/persian-lavar-kerman-pictorial-rug-3-5-1-2-x-5-1-_b204cdba39
day2,2444,"PERSIAN MANUSCRIPT MINIATURE WITH CALLIGRAPHY",200,400,50,3,2,https://live.thomastonauction.com/auction-lot/persian-manuscript-miniature-with-calligraphy_188d11cdf5
day2,2437,"PERSIAN SILVER WINE BOWL WITH GAZELLES",1000,1500,500,3,2,https://live.thomastonauction.com/auction-lot/persian-silver-wine-bowl-with-gazelles_dd11d18f4e
day2,2207,"PERSIAN TILE-PATTERN RUG (11'6"" x 8'10"")",1000,1500,500,3,4,https://live.thomastonauction.com/auction-lot/persian-tile-pattern-rug-116-x-810_1c1bad2958
day2,2335,"PETER GRAHAM (SCOTLAND, 1836-1921)",400,600,100,3,5,https://live.thomastonauction.com/auction-lot/peter-graham-scotland-1836-1921_4ee524efce
day2,2064,"PETER MEINDL (NH, 1899-1980)",800,1200,250,3,4,https://live.thomastonauction.com/auction-lot/peter-meindl-nh-1899-1980_49185fc76e
day2,2038,"PETER Q. LIBBEY (AMERICAN/MAINE, 1944-2018), CARVED EAGLE AND SERPENT WALL SCULPTURE",2000,3000,1000,3,4,https://live.thomastonauction.com/auction-lot/peter-q-libbey-american-maine-1944-2018-carved-ea_c2cc4a975e
day2,2353,"PIERRE-AUGUSTE RENOIR (FRANCE, 1841-1914)",10000,15000,5000,3,5,https://live.thomastonauction.com/auction-lot/pierre-auguste-renoir-france-1841-1914_c99dd219b8
day2,2384,"PIETER BARRANTI (GRAND TOUR ERA FLORENCE) AFTER ANTONIO CANOVA (1757–1822)",1000,1500,500,3,4,https://live.thomastonauction.com/auction-lot/pieter-barranti-grand-tour-era-florence-after-ant_54217ce5ec
day2,2452,"POLYCHROME ENAMELED INDIAN BRONZE OF SHIVA AND PARVATI",1000,1500,500,3,3,https://live.thomastonauction.com/auction-lot/polychrome-enameled-indian-bronze-of-shiva-and-pa_e35d3df8b3
day2,2036,"PORTRAIT OF A MID 19TH C. ROYAL NAVY OFFICER",500,700,100,3,3,https://live.thomastonauction.com/auction-lot/portrait-of-a-mid-19th-c-royal-navy-officer_e7d53f7dce
day2,2261,"PORTRAIT OF A NEW ENGLAND GENTLEMAN, CA 1810",3000,5000,1500,3,4,https://live.thomastonauction.com/auction-lot/portrait-of-a-new-england-gentleman-circa-1810_57a93cdc14
day2,2110,"PORTRAIT OF A ROYAL NAVY OFFICER",200,300,50,3,4,https://live.thomastonauction.com/auction-lot/portrait-of-a-royal-navy-officer_59b83db4ad
day2,2253,"PORTRAIT OF A WEALTHY FEDERAL PERIOD AMERICAN GENT",1000,1500,500,3,3,https://live.thomastonauction.com/auction-lot/portrait-of-a-wealthy-federal-period-american-gent_bb019987be
day2,2245,"PORTRAIT OF CLARISSA BROWN KELLOGG (CT, 1794-1867)",1500,2500,750,3,3,https://live.thomastonauction.com/auction-lot/portrait-of-clarissa-brown-kellogg-ct-1794-1867_23c0576c30
day2,2244,"PORTRAIT OF GEORGE COMFORT KELLOGG (CT, 1788-1847)",1500,2500,750,3,3,https://live.thomastonauction.com/auction-lot/portrait-of-george-comfort-kellogg-ct-1788-1847_2b6c5e17f2
day2,2366,"PORTRAIT OF MARIA DE MEDICI, QUEEN OF FRANCE (1575-1642)",3000,5000,1500,3,3,https://live.thomastonauction.com/auction-lot/portrait-of-maria-de-medici-queen-of-france-1575-_e36962b067
day2,2091,"PORTRAIT OF ROYAL NAVY ADMIRAL ARBUTHNOT",600,800,250,3,4,https://live.thomastonauction.com/auction-lot/portrait-of-royal-navy-admiral-arbuthnot_1a92fd3e46
day2,2048,"PORTRAIT OF THE US SAILING SHIP ""TAMERLANE II""",1000,1500,500,3,3,https://live.thomastonauction.com/auction-lot/portrait-of-the-us-sailing-ship-tamerlane-ii_73efb2cfb8
day2,2291,"PORTRAIT OF YOUNG GENTLEMAN, ATTRIBUTED TO THE CIRCLE OF JOHN GORDON WATSON PRSA (1788-1864)",2000,3000,1000,3,5,https://live.thomastonauction.com/auction-lot/portrait-of-young-gentleman-attributed-to-the-cir_26685c1364
day2,2186,"PORTSMOUTH FEDERAL PERIOD INLAID CARD TABLE",1500,2000,750,3,4,https://live.thomastonauction.com/auction-lot/portsmouth-federal-period-inlaid-card-table_efadf45390
day2,2179,"POSSIBLE SEYMOUR BOWFRONT HEPPLEWHITE CHEST",1000,1500,500,3,5,https://live.thomastonauction.com/auction-lot/possible-seymour-bowfront-hepplewhite-chest_39ff75e9aa
day2,2349,"PR 19TH C. LIMOGES POLYCHROME ENAMEL ON METAL CANDLESTICKS",1400,1800,700,3,2,https://live.thomastonauction.com/auction-lot/pr-19th-c-limoges-polychrome-enamel-on-metal-cand_87dd30fb64
day2,2350,"PR 19TH C. LIMOGES POLYCHROME ENAMEL ON METAL CANDLESTICKS",1400,1800,700,3,2,https://live.thomastonauction.com/auction-lot/pr-19th-c-limoges-polychrome-enamel-on-metal-cand_c9e79087ab
day2,2457,"PR ALGERIAN KABYLE (BERBER) SILVER AND ENAMEL CUFF BRACELETS",2000,2500,1000,3,2,https://live.thomastonauction.com/auction-lot/pr-algerian-kabyle-berber-silver-and-enamel-cuff-_4118fa22f5
day2,2466,"PR CHINESE FAMILLE ROSE FIGURAL VASES, REPUBLIC PERIOD",400,600,100,3,4,https://live.thomastonauction.com/auction-lot/pr-chinese-famille-rose-figural-vases-republic-pe_1c7d9ecb05
day2,2493,"PR CHINESE LIDDED URNS",400,600,100,3,5,https://live.thomastonauction.com/auction-lot/pr-chinese-lidded-urns_d53eeb4240
day2,2387,"PR ITALIAN GILDED WOOD PRICKET CANDLESTICKS",600,800,250,3,1,https://live.thomastonauction.com/auction-lot/pr-italian-gilded-wood-pricket-candlesticks_504ba52daa
day2,2130,"PUNCHED TIN LANTERN WITH EXTERIOR CANDLE",200,300,50,3,2,https://live.thomastonauction.com/auction-lot/punched-tin-lantern-with-exterior-candle_821fe78c49
day2,2184,"QUEEN ANNE BONNET TOP HIGHBOY",15000,20000,7500,3,5,https://live.thomastonauction.com/auction-lot/queen-anne-bonnet-top-highboy_18bb321ce1
day2,2127,"QUEEN ANNE TIGER MAPLE CANDLESTAND",300,500,100,3,2,https://live.thomastonauction.com/auction-lot/queen-anne-tiger-maple-candlestand_d81d9f0b07
day2,2122,"QUEEN ANNE TIGER MAPLE TILT TOP CANDLESTAND",500,700,100,3,3,https://live.thomastonauction.com/auction-lot/queen-anne-tiger-maple-tilt-top-candlestand_3b9428e8b0
day2,2035,"RARE 1747 BOOK 1ST EDITION ANSON ""VOYAGE ROUND THE WORLD"" W/ SUBSCRIBER'S LIST",1000,1500,500,3,4,https://live.thomastonauction.com/auction-lot/rare-1747-book-1st-edition-anson-voyage-round-the_4509821eeb
day2,2315,"RARE 18TH C. MAP OF KENT, UK ESTATE",1000,1500,500,3,3,https://live.thomastonauction.com/auction-lot/rare-18th-c-map-of-kent-uk-estate_500656b14d
day2,2043,"RARE 19TH C. CASED WHALE BONE PRISONER OF WAR MINIATURE SHIP MODEL",3000,5000,1500,3,4,https://live.thomastonauction.com/auction-lot/rare-19th-c-cased-whale-bone-prisoner-of-war-mini_6f94f69e51
day2,2072,"RARE 19TH C. HEART SHAPED WHALING BLUBBER SPADE",300,400,100,3,2,https://live.thomastonauction.com/auction-lot/rare-19th-c-heart-shaped-whaling-blubber-spade_c5e1d51f41
day2,2033,"RARE 19TH C. WHALE BONE PRISONER OF WAR SHIP MODEL",2000,3000,1000,3,4,https://live.thomastonauction.com/auction-lot/rare-19th-c-whale-bone-prisoner-of-war-ship-model_29ff485aff
day2,2165,"RARE AMERICAN WAR OF 1812 PATRIOTIC WOOLIE",300,500,100,3,2,https://live.thomastonauction.com/auction-lot/rare-american-war-of-1812-patriotic-woolie_2603f87ba6
day2,2327,"RARE BOOK ENGLISH HISTORY ARCHBISHOP OF CANTERBURY, 1718, JOHN STRYPE",300,400,100,3,6,https://live.thomastonauction.com/auction-lot/rare-book-english-history-archbishop-of-canterbur_9580aad90e
day2,2330,"RARE BOOK ENGLISH HISTORY ARCHBISHOP OF CANTERBURY, 1711, JOHN STRYPE",300,400,100,3,6,https://live.thomastonauction.com/auction-lot/rare-book-english-history-archbishop-of-canterbur_e37412bbd8
day2,2297,"RARE DATED JUNE 27, 1795 BRITISH POWDER HORN FRENCH REVOLUTION",1000,1500,500,3,4,https://live.thomastonauction.com/auction-lot/rare-dated-june-27-1795-british-powder-horn-frenc_4892f40e0b
day2,2403,"RARE GERMAN PLASTER MODEL OF MATHEMATICAL ABSTRACT, CIRCA 1900",400,600,100,3,7,https://live.thomastonauction.com/auction-lot/rare-german-plaster-model-of-mathematical-abstrac_3fdc9e920c
day2,2040,"""RAWALPINDI"" SHIP'S TIN DRUG SAFE, ""COCAINE""",1000,1500,500,3,4,https://live.thomastonauction.com/auction-lot/rawalpindi-ships-tin-drug-safe-cocaine_7c6cf0a82f
day2,2154,"RED PAINTED 18TH C. LADDERBACK ARMCHAIR",500,700,100,3,2,https://live.thomastonauction.com/auction-lot/red-painted-18th-c-ladderback-armchair_91b5f851a8
day2,2278,"REGENCY CANE TOP BENCH WITH LEATHER CUSHION",1200,1500,600,3,2,https://live.thomastonauction.com/auction-lot/regency-cane-top-bench-with-leather-cushion_028bc67f28
day2,2393,"RENAISSANCE PLAQUE, BLACK MADONNA, SOUTHERN FRANCE",1000,1500,500,3,6,https://live.thomastonauction.com/auction-lot/renaissance-plaque-black-madonna-southern-france_f3b76592f8
day2,2427,"ROMAN BRONZE BUST OF MAN",1000,1500,500,3,2,https://live.thomastonauction.com/auction-lot/roman-bronze-bust-of-man_3bea9a95b5
day2,2425,"ROMAN STYLE MARBLE BUST OF WOMAN",500,700,100,3,5,https://live.thomastonauction.com/auction-lot/roman-style-marble-bust-of-woman_8f18355bc4
day2,2049,"SAILOR MADE WHALE BONE WALKING STICK",300,500,100,3,2,https://live.thomastonauction.com/auction-lot/sailor-made-whale-bone-walking-stick_530a9866e6
day2,2202,"SAROUK RUG (11'5""x7'11"")",1000,1500,500,3,5,https://live.thomastonauction.com/auction-lot/sarouk-rug-115-x711_9c36c95c1b
day2,2032,"SCARCE US ARMY SHIP'S CLOCK BY JOSEPH SEWILL OF LIVERPOOL",1000,1500,500,3,2,https://live.thomastonauction.com/auction-lot/scarce-us-army-ships-clock-by-joseph-sewill-of-li_b38cc73e89
day2,2070,"SCRIMSHAW MARINE IVORY BY ALTHEA MACY",700,900,250,3,2,https://live.thomastonauction.com/auction-lot/scrimshaw-marine-ivory-by-althea-macy_ddc9284a80
day2,2054,"SCRIMSHAWN SHIP'S PORTRAIT ON WHALE'S TOOTH",500,700,100,3,3,https://live.thomastonauction.com/auction-lot/scrimshawn-ships-portrait-on-whales-tooth_af8c275c2e
day2,2031,"SEA CHEST WITH CARVED AND PAINTED SAILING SHIP",800,1200,250,3,3,https://live.thomastonauction.com/auction-lot/sea-chest-with-carved-and-painted-sailing-ship_8f8e5e8cf5
day2,2275,"SEAL OF THE DUKE OF ROCHESTER W/ PRINT OF PHILIP POWEL",200,300,50,3,2,https://live.thomastonauction.com/auction-lot/seal-of-the-duke-of-rochester-w-print-of-philip-p_9820b43d6f
day2,2224,"SERAB RUNNER (10'4"" X 3')",1000,1500,500,3,5,https://live.thomastonauction.com/auction-lot/serab-runner-104-x-3_1fe2eb1aae
day2,2416,"SET OF (10) LATE 18TH C. NEOCLASSICAL OIL PAINTINGS OF MUSICIANS",1000,1500,500,3,6,https://live.thomastonauction.com/auction-lot/set-of-10-late-18th-c-neoclassical-oil-paintings-_fc72831fe2
day2,2090,"SEXTANT BASE TABLE LAMP",200,300,50,3,2,https://live.thomastonauction.com/auction-lot/sextant-base-table-lamp_a0dae52109
day2,2208,"SHERATON MAHOGANY FRAMED SOFA",600,800,250,3,2,https://live.thomastonauction.com/auction-lot/sheraton-mahogany-framed-sofa_4730f5f8e0
day2,2010,"SHIP'S WHEEL FROM 19TH C. BRITISH SCHOONER ""SUNBEAM""",700,900,250,3,3,https://live.thomastonauction.com/auction-lot/ships-wheel-from-19th-c-british-schooner-sunbeam_1fb66472c2
day2,2026,"SIMMONS EAGLE STERNBOARD ROCKLAND MAINE",3000,5000,1500,3,3,https://live.thomastonauction.com/auction-lot/simmons-eagle-sternboard-rockland-maine_4cdaab7283
day2,2282,"SIR PETER LELY (ENGLAND/GERMANY, 1618-1680)",3000,5000,1500,3,10,https://live.thomastonauction.com/auction-lot/sir-peter-lely-england-germany-1618-1680_a829420c44
day2,2410,"SMALL 19TH C. DUTCH GENRE PAINTING",500,700,100,3,12,https://live.thomastonauction.com/auction-lot/small-19th-c-dutch-genre-painting_c7117f05ba
day2,2264,"SMALL CAUCASIAN RUG(5'7"" x 3'6')",400,600,100,3,3,https://live.thomastonauction.com/auction-lot/small-caucasian-rug-57-x-36_c06de7eee3
day2,2162,"SMALL FRAMED US SILK FLAG, 39 STAR, UNOFFICIAL, DAKOTAS JOIN",300,500,100,3,2,https://live.thomastonauction.com/auction-lot/small-framed-us-silk-flag-39-star-unofficial-dako_6adedb8261
day2,2429,"SMALL GRECO-ROMAN MARBLE HEAD ON MUSEUM PLINTH",300,500,100,3,3,https://live.thomastonauction.com/auction-lot/small-greco-roman-marble-head-on-museum-plinth_a6c716b638
day2,2112,"SMALL LAMINATED HALF HULL",200,300,50,3,1,https://live.thomastonauction.com/auction-lot/small-laminated-half-hull_2a3e45c0ae
day2,2168,"SMALL REV WAR BRITISH SCRIMSHAW POWDER HORN",300,500,100,3,4,https://live.thomastonauction.com/auction-lot/small-rev-war-british-scrimshaw-powder-horn_615ac4ec29
day2,2088,"STUBBS PORTRAIT OF RACING YACHT, CA 1890",1000,1500,500,3,4,https://live.thomastonauction.com/auction-lot/stubbs-portrait-of-racing-yacht-ca-1890_1375c12cfa
day2,2455,"TEKKE TURKOMAN GILT SILVER AND CARNELIAN EGME HOOD ORNAMENT",500,700,275,3,2,https://live.thomastonauction.com/auction-lot/tekke-turkoman-gilt-silver-and-carnelian-egme-hoo_1ea652fafe
day2,2430,"TERRA COTTA FUNERARY JAR WITH MISMATCHED PORTRAIT LID",600,800,250,3,7,https://live.thomastonauction.com/auction-lot/terra-cotta-funerary-jar-with-mismatched-portrait_8955e61c7c
day2,2053,"THE WHALERS, OIL ON PANEL",1000,1500,500,3,3,https://live.thomastonauction.com/auction-lot/the-whalers-oil-on-panel_0360647145
day2,2201,"THOMAS COLE (NY/UK, 1801-1848)",5000,7000,2500,3,6,https://live.thomastonauction.com/auction-lot/thomas-cole-ny-uk-1801-1848_69da5c9ad2
day2,2436,"TURKISH IZNIK POTTERY DISH",600,800,250,3,3,https://live.thomastonauction.com/auction-lot/turkish-iznik-pottery-dish_4ea417662e
day2,2434,"TURKISH IZNIK POTTERY DISH",600,800,250,3,3,https://live.thomastonauction.com/auction-lot/turkish-iznik-pottery-dish_a4b4284b3a
day2,2435,"TURKISH OTTOMAN SILVER HAMMAM BOWL",600,800,250,3,3,https://live.thomastonauction.com/auction-lot/turkish-ottoman-silver-hammam-bowl_da50761e36
day2,2456,"TURKOMAN SILVER AND GLASS DANGLE NECK ORNAMENT",600,800,250,3,4,https://live.thomastonauction.com/auction-lot/turkoman-silver-and-glass-dangle-neck-ornament_02a291a898
day2,2453,"TURKOMAN SILVER AND GLASS DANGLE ORNAMENT",250,350,50,3,4,https://live.thomastonauction.com/auction-lot/turkoman-silver-and-glass-dangle-ornament_f7524024da
day2,2370,"URBAIN EMMANUEL HUCHET (FRANCE, 1930 - 2014)",400,600,100,3,4,https://live.thomastonauction.com/auction-lot/urbain-emmanuel-huchet-france-1930-2014_36c9abbd54
day2,2319,"VICTORIAN ENGLISH OAK TAMBOUR TOP WRITING BOX",500,700,100,3,3,https://live.thomastonauction.com/auction-lot/victorian-english-oak-tambour-top-writing-box_8109316443
day2,2280,"VICTORIAN FAUX BOOK FORM TEA CADDY",600,800,250,3,3,https://live.thomastonauction.com/auction-lot/victorian-faux-book-form-tea-caddy_0e8ee0d7ab
day2,2085,"VICTORIAN SHIPS WHEEL ANEROID BAROMETER",300,500,100,3,3,https://live.thomastonauction.com/auction-lot/victorian-ships-wheel-aneroid-barometer_06185878fb
day2,2334,"VICTORIAN VIEW OF SCOTTISH LOCH, WATERCOLOR",400,600,100,3,3,https://live.thomastonauction.com/auction-lot/victorian-view-of-scottish-loch-watercolor_f175c67820
day2,2501,"VINTAGE CHINESE BOXED SOUVENIR COLLECTION",300,500,100,3,3,https://live.thomastonauction.com/auction-lot/vintage-chinese-boxed-souvenir-collection_95dd2fed5b
day2,2045,"VINTAGE STEEL MASTHEAD PATT. 25A SHIP LANTERN",300,500,100,3,2,https://live.thomastonauction.com/auction-lot/vintage-steel-masthead-patt-25a-ship-lantern_061c84768f
day2,2098,"W/C FIRST ANGLO-DUTCH WAR NAVAL BATTLE ADMIRAL WILLIAM PENN",300,400,100,3,3,https://live.thomastonauction.com/auction-lot/w-c-first-anglo-dutch-war-naval-battle-admiral-wi_fb8503f8de
day2,2089,"WENDELL THOMPSON PERKINS (MA/FL 1927-1997)",800,1200,250,3,5,https://live.thomastonauction.com/auction-lot/wendell-thompson-perkins-ma-fl-1927-1997_a182e623d4
day2,2307,"WILLIAM GWYNN OF LUDLOW (UK, CIRCA 1795-1838)",600,800,250,3,3,https://live.thomastonauction.com/auction-lot/william-gwynn-of-ludlow-uk-circa-1795-1838_945aa63b41
day2,2241,"WILLIAM JURIAN KAULA (MA, 1871-1953)",1000,1500,500,3,5,https://live.thomastonauction.com/auction-lot/william-jurian-kaula-ma-1871-1953_e38912a8a7
day2,2067,"WILLIAM M. HALL (19TH C. MAINE)",800,1200,250,3,4,https://live.thomastonauction.com/auction-lot/william-m-hall-19th-c-maine_d85258694a
day2,2299,"WILLIAM SHAYER, SR. (UK, 1787/8-1879)",1000,2000,500,3,4,https://live.thomastonauction.com/auction-lot/william-shayer-sr-uk-1787-8-1879_0281350169
day2,2248,"WILLIAM SIDNEY MOUNT (US, 1807-1868) LITHOGRAPH",500,700,100,3,6,https://live.thomastonauction.com/auction-lot/william-sidney-mount-us-1807-1868-lithograph_d77003587b
day2,2228,"WILLIAM TROST RICHARDS (PA/RI, 1833-1905)",1500,2500,750,3,5,https://live.thomastonauction.com/auction-lot/william-trost-richards-pa-ri-1833-1905_1b887c7976
day2,2150,"WM E. WARNER, WEST TROY, NY STONEWARE JUG",200,300,50,3,3,https://live.thomastonauction.com/auction-lot/wm-e-warner-west-troy-ny-stoneware-jug_62ae8ca707
day2,2265,"WM MATTHEW PRIOR (1806-1873) & STURTEVANT HAMBLIN (1816-1884)",10000,20000,5000,3,5,https://live.thomastonauction.com/auction-lot/wm-matthew-prior-1806-1873-sturtevant-hamblin-181_9bb69bad0a
day2,2078,"WOOD CASED SAILMAKER'S TOOLS",200,300,50,3,2,https://live.thomastonauction.com/auction-lot/wood-cased-sailmakers-tools_5d5fa1e184
day2,2242,"WOOL PICTORIAL CARPET (9'9"" X 8')",800,1200,250,3,1,https://live.thomastonauction.com/auction-lot/wool-pictorial-carpet-99-x-8_3bfda003fd
day2,2044,"WWII ERA CHELSEA US NAVY MARK I DECK CLOCK",500,700,100,3,2,https://live.thomastonauction.com/auction-lot/wwii-era-chelsea-us-navy-mark-i-deck-clock_2fa56a4d49
day2,2056,"WWII ERA CHELSEA US NAVY MARK I DECK CLOCK",500,700,100,3,2,https://live.thomastonauction.com/auction-lot/wwii-era-chelsea-us-navy-mark-i-deck-clock_ef465849c2
day2,2166,"X-RARE SEP 1775 REVOLUTIONARY WAR ID'D POWDER HORN FORT TICONDEROGA",10000,15000,5000,3,8,https://live.thomastonauction.com/auction-lot/x-rare-sep-1775-revolutionary-war-idd-powder-horn_abcc676299
day2,2041,"XRARE COMLETE SET (26 TITLES IN 27 VOLS) 1ST ED MARINE RESEARCH SOCIETY BOOKS NEAR MINT",2500,3500,1200,3,4,https://live.thomastonauction.com/auction-lot/xrare-comlete-set-26-titles-in-27-vols-1st-ed-mar_a6ad593544
day2,2376,"YITZHAK FRENKEL-FRENEL (ISRAEL/UKRAINE, 1899-1981)",600,800,250,3,4,https://live.thomastonauction.com/auction-lot/yitzhak-frenkel-frenel-israel-ukraine-1899-1981_3b33f79d33
day2,2092,"YNGVE EDWARD SODERBERG (CT/IL, 1896-1971)",600,800,250,3,1,https://live.thomastonauction.com/auction-lot/yngve-edward-soderberg-ct-il-1896-1971_37a9be9d1f
day3,3104,"(12) MINTON TIFFANY & CO. GILT RIM DINNER SERVICE PLATES",500,700,100,3,3,https://live.thomastonauction.com/auction-lot/12-minton-tiffany-co-gilt-rim-dinner-service-plat_89d15f98fa
day3,3054,"(12 PCS) TIFFANY & CO. ""LAP OVER EDGE"" STERLING FLATWARE",2000,3000,1000,3,2,https://live.thomastonauction.com/auction-lot/12-pcs-tiffany-co-lap-over-edge-sterling-flatware_f4dcee5d42
day3,3193,"14K GOLD AND 2.75 CT DIAMOND RING",10000,12000,5000,3,4,https://live.thomastonauction.com/auction-lot/14k-gold-and-2-75-ct-diamond-ring_b0f2592882
day3,3191,"14K GOLD AND 3.11 CT DIAMOND SOLITAIRE RING",15000,18000,7500,3,4,https://live.thomastonauction.com/auction-lot/14k-gold-and-3-11-ct-diamond-solitaire-ring_2870cc5702
day3,3188,"14K GOLD AND AMETHYST DRESS GENT'S SET",300,400,100,3,1,https://live.thomastonauction.com/auction-lot/14k-gold-and-amethyst-dress-gents-set_8a595e9ff3
day3,3093,"14K GOLD AND DIAMOND BAND RING",1200,1800,600,3,2,https://live.thomastonauction.com/auction-lot/14k-gold-and-diamond-band-ring_d8c12b5626
day3,3195,"14K GOLD AND DIAMOND PENDANT NECKLACE",700,900,250,3,1,https://live.thomastonauction.com/auction-lot/14k-gold-and-diamond-pendant-necklace_90942a0f12
day3,3242,"14K GOLD AND DIAMOND RING WITH INTERLOCKING LOOP DESIGN",1000,1500,500,3,2,https://live.thomastonauction.com/auction-lot/14k-gold-and-diamond-ring-with-interlocking-loop-_72777d3505
day3,3231,"14K GOLD AND DIAMOND RING",3000,4000,1500,3,5,https://live.thomastonauction.com/auction-lot/14k-gold-and-diamond-ring_fdc4f11e3f
day3,3238,"14K GOLD, DIAMOND, AND MULTI STRAND SAPPHIRE BEAD NECKLACE",800,1200,400,3,4,https://live.thomastonauction.com/auction-lot/14k-gold-diamond-and-multi-strand-sapphire-bead-n_3dfb248032
day3,3069,"14K GOLD, DIAMOND, AND SAPPHIRE ROSE BROOCH",500,700,100,3,2,https://live.thomastonauction.com/auction-lot/14k-gold-diamond-and-sapphire-rose-brooch_ffffc5b476
day3,3118,"14K GOLD DIAMOND AND SAPPHIRE THREE STONE RING",3000,5000,1500,3,2,https://live.thomastonauction.com/auction-lot/14k-gold-diamond-and-sapphire-three-stone-ring_079320d80b
day3,3194,"14K GOLD E. HOWARD POCKET WATCH WWI PRESENTATION",1500,3000,750,3,6,https://live.thomastonauction.com/auction-lot/14k-gold-e-howard-pocket-watch-wwi-presentation_0c03094e55
day3,3233,"14K GOLD EMERALD, SAPPHIRE, AND DIAMOND RING",1000,1500,500,3,2,https://live.thomastonauction.com/auction-lot/14k-gold-emerald-sapphire-and-diamond-ring_a542b780d1
day3,3232,"14K GOLD GARNET MABE PEARL BRACELET",1500,2000,750,3,4,https://live.thomastonauction.com/auction-lot/14k-gold-garnet-mabe-pearl-bracelet_f239e8b937
day3,3155,"14K GOLD OPAL AND DIAMOND RING",500,700,100,3,1,https://live.thomastonauction.com/auction-lot/14k-gold-opal-and-diamond-ring_102e2a5c2e
day3,3094,"14K GOLD STAR RUBY AND DIAMOND PENDANT",800,1200,250,3,2,https://live.thomastonauction.com/auction-lot/14k-gold-star-ruby-and-diamond-pendant_37fd0196ef
day3,3120,"14K GOLD THREE-STONE DIAMOND PENDANT NECKLACE",4000,6000,2000,3,1,https://live.thomastonauction.com/auction-lot/14k-gold-three-stone-diamond-pendant-necklace_ac46435013
day3,3149,"14K GOLD TOURMALINE AND DIAMOND NECKLACE",3000,5000,1500,3,2,https://live.thomastonauction.com/auction-lot/14k-gold-tourmaline-and-diamond-necklace_266496b074
day3,3095,"14K MULTI-COLOR GOLD AND DIAMOND FLORAL BROOCH",800,1000,250,3,2,https://live.thomastonauction.com/auction-lot/14k-multi-color-gold-and-diamond-floral-brooch_1415bb1d0a
day3,3091,"14K ROSE GOLD AND DIAMOND RING",2000,3000,1000,3,1,https://live.thomastonauction.com/auction-lot/14k-rose-gold-and-diamond-ring_f8b0651a5c
day3,3234,"14K TWO-TONE GOLD FLORAL LINK BRACELET",3000,4000,1500,3,2,https://live.thomastonauction.com/auction-lot/14k-two-tone-gold-floral-link-bracelet_aaa6307867
day3,3200,"14K YELLOW GOLD OMEGA DE VILLE WRISTWATCH",800,1500,250,3,2,https://live.thomastonauction.com/auction-lot/14k-yellow-gold-omega-de-ville-wristwatch_4ebfe4c760
day3,3186,"18K GOLD AND CARNELIAN WATCH FOB SEAL",1500,1600,750,3,2,https://live.thomastonauction.com/auction-lot/18k-gold-and-carnelian-watch-fob-seal_e32e615e66
day3,3153,"18K GOLD AND DIAMOND BROOCH",1500,1800,750,3,2,https://live.thomastonauction.com/auction-lot/18k-gold-and-diamond-brooch_15317de8aa
day3,3151,"18K GOLD MULTI-STRAND DIAMOND BRACELET",4500,5500,2200,3,2,https://live.thomastonauction.com/auction-lot/18k-gold-multi-strand-diamond-bracelet_7650326a13
day3,3152,"18K ROSE GOLD AQUAMARINE AND DIAMOND RING",1000,1500,500,3,2,https://live.thomastonauction.com/auction-lot/18k-rose-gold-aquamarine-and-diamond-ring_95e6f266d4
day3,3150,"18K WHITE GOLD AND DIAMOND GEOMETRIC BROOCH",3000,4000,1500,3,3,https://live.thomastonauction.com/auction-lot/18k-white-gold-and-diamond-geometric-brooch_13cbd7074a
day3,3121,"18K WHITE GOLD RUBY AND DIAMOND CLUSTER RING",3000,4000,1500,3,3,https://live.thomastonauction.com/auction-lot/18k-white-gold-ruby-and-diamond-cluster-ring_1566ce693c
day3,3240,"18K WHITE GOLD SOUTH SEA PEARL AND DIAMOND RING",1500,1800,750,3,2,https://live.thomastonauction.com/auction-lot/18k-white-gold-south-sea-pearl-and-diamond-ring_932c141a68
day3,3314,"1930 ART PRESS BOOK ILLUS BY MARIE LAURENCIN (1885-1956)",1000,2000,500,3,4,https://live.thomastonauction.com/auction-lot/1930-art-press-book-illus-by-marie-laurencin-1885_f8f0dffc10
day3,3036A,"1966 VOLKSWAGEN BEETLE (TYPE 1) 1300",15000,20000,7500,3,15,https://live.thomastonauction.com/auction-lot/1966-volkswagen-beetle-type-1-1300_b54c9bd0b2
day3,3063,"19TH C. AUSTRIAN SILVER MOUNTED CRYSTAL URN",3000,5000,1500,3,5,https://live.thomastonauction.com/auction-lot/19th-c-austrian-silver-mounted-crystal-urn_c8723dc98f
day3,3019,"19TH C. CARVED & PAINTED WOOD PEGASUS",2000,3000,1000,3,3,https://live.thomastonauction.com/auction-lot/19th-c-carved-painted-wood-pegasus_552e4f8c9a
day3,3136,"19TH C. WATERBURY CALENDAR REGULATOR CLOCK",300,400,100,3,3,https://live.thomastonauction.com/auction-lot/19th-c-waterbury-calendar-regulator-clock_0f16f0473a
day3,3250,"(2) K. RASMUSSEN MIDCENTURY RECLINING LOUNGE CHAIRS",2000,3000,1000,3,5,https://live.thomastonauction.com/auction-lot/2-k-rasmussen-midcentury-reclining-lounge-chairs_244c6ab10a
day3,3301,"(2) PATRICK YOUNG (AMERICAN), ""JANET SERIES"" HAND-PAINTED PHOTOGRAPHS",800,1200,250,3,4,https://live.thomastonauction.com/auction-lot/2-patrick-young-american-janet-series-hand-painte_9baefc1022
day3,3144,"(2) STERLING SILVER SERVING DISHES",800,1000,250,3,6,https://live.thomastonauction.com/auction-lot/2-sterling-silver-serving-dishes_ca04b265b5
day3,3160,"(20 PC) MEISSEN ""INDIAN FLOWERS"" PORCELAIN DESSERT SET",600,800,250,3,3,https://live.thomastonauction.com/auction-lot/20-pc-meissen-indian-flowers-porcelain-dessert-set_54f0e46445
day3,3035,"2000 BMW Z3 M ROADSTER CONVERTIBLE",15000,20000,7500,3,5,https://live.thomastonauction.com/auction-lot/2000-bmw-z3-m-roadster-convertible_a46a60bcda
day3,3033,"2007 MERCEDES C-CLASS SEDAN",4000,6000,2000,3,1,https://live.thomastonauction.com/auction-lot/2007-mercedes-c-class-sedan_9dfac4aa7a
day3,3036,"2007 MERCEDES S-CLASS S 550 4MATIC SEDAN",6000,8000,3000,3,10,https://live.thomastonauction.com/auction-lot/2007-mercedes-s-class-s-550-4matic-sedan_313ec05ff8
day3,3256,"(3) KARL SPRINGER (NY, 1931-1989) STONE CANDLE HOLDERS",2000,3000,1000,3,2,https://live.thomastonauction.com/auction-lot/3-karl-springer-ny-1931-1989-stone-candle-holders_881911f683
day3,3056,"(3 PC) TIFFANY & CO. STERLING ""CHILDREN ON PARADE"" SERVING SET",800,1200,250,3,4,https://live.thomastonauction.com/auction-lot/3-pc-tiffany-co-sterling-children-on-parade-servi_15893dfa7d
day3,3161,"(3 PCS) STERLING HOLLOWARE, WALLACE & INTERNATIONAL",1400,1600,700,3,4,https://live.thomastonauction.com/auction-lot/3-pcs-sterling-holloware-wallace-international_917e77ad6a
day3,3220,"(4 PCS) TIFFANY & CO. STERLING SILVER FLATWARE",400,600,100,3,5,https://live.thomastonauction.com/auction-lot/4-pcs-tiffany-co-sterling-silver-flatware_9f360c7673
day3,3047,"(5 PC) PATIO BAMBOO DINING SET, BOOTHBAY STYLE IN BUTTER ENAMEL PAINT",600,800,250,3,1,https://live.thomastonauction.com/auction-lot/5-pc-patio-bamboo-dining-set-boothbay-style-in-bu_3b5d270243
day3,3217,"(5 PCS) ASSORTED STERLING SILVER SERVING FLATWARE",800,1000,250,3,8,https://live.thomastonauction.com/auction-lot/5-pcs-assorted-sterling-silver-serving-flatware_f55a59c91e
day3,3138,"(6) ALEXANDER II PERIOD RUSSIAN IMPERIAL PORCELAIN BOWLS",1000,1500,500,3,2,https://live.thomastonauction.com/auction-lot/6-alexander-ii-period-russian-imperial-porcelain-_7eaa90b6b3
day3,3103,"(8 PC) IVAN KHLEBNIKOV RUSSIAN SILVER BEVERAGE SERVICE",5000,7000,2500,3,5,https://live.thomastonauction.com/auction-lot/8-pc-ivan-khlebnikov-russian-silver-beverage-serv_fc8fe4fb19
day3,3117,"A.G.A. CORREA 18K GOLD TURK'S HEAD NECKLACE",10000,12000,5000,3,4,https://live.thomastonauction.com/auction-lot/a-g-a-correa-18k-gold-turks-head-necklace_2cf2e42465
day3,3352,"ABRAHAM JACOB BOGDANOV (NH/RUSSIA, 1887-1946)",1500,2000,750,3,8,https://live.thomastonauction.com/auction-lot/abraham-jacob-bogdanov-nh-russia-1887-1946_895c9180cd
day3,3311,"ABSTRACT METAL SCULPTURE, ARTIST UNKNOWN",300,500,100,3,2,https://live.thomastonauction.com/auction-lot/abstract-metal-sculpture-artist-unknown_689bd6d922
day3,3178,"AFTER FREDERIC SACKRIDER REMINGTON (NY/KS/CT, 1861-1909)",500,700,100,3,4,https://live.thomastonauction.com/auction-lot/after-frederic-sackrider-remington-ny-ks-ct-1861-_14902f8894
day3,3400,"ALAN MAGEE (ME/PA, 1947 - )",10000,12000,5000,3,3,https://live.thomastonauction.com/auction-lot/alan-magee-me-pa-1947_1831cd5a36
day3,3401,"ALAN MAGEE (ME/PA, 1947 - )",10000,12000,500,3,2,https://live.thomastonauction.com/auction-lot/alan-magee-me-pa-1947_23e42c1128
day3,3397,"ALAN MAGEE (ME/PA, 1947 - )",200,300,50,3,3,https://live.thomastonauction.com/auction-lot/alan-magee-me-pa-1947_277ebe35b3
day3,3399,"ALAN MAGEE (ME/PA, 1947 - )",10000,12000,5000,3,3,https://live.thomastonauction.com/auction-lot/alan-magee-me-pa-1947_46b08f87af
day3,3398,"ALAN MAGEE (ME/PA, 1947 - )",300,400,100,3,3,https://live.thomastonauction.com/auction-lot/alan-magee-me-pa-1947_c35c695701
day3,3402,"ALAN MAGEE (ME/PA, 1947- )",10000,12000,5000,3,2,https://live.thomastonauction.com/auction-lot/alan-magee-me-pa-1947_fcfff947f0
day3,3169,"ALBERT-ERNEST CARRIER DE BELLEUSE (FRANCE, 1824-1887)",800,1200,250,3,4,https://live.thomastonauction.com/auction-lot/albert-ernest-carrier-de-belleuse-france-1824-1887_cd8d5b4021
day3,3082,"ALDRO T. HIBBARD (MA/VT, 1886-1972)",6000,8000,3000,3,5,https://live.thomastonauction.com/auction-lot/aldro-t-hibbard-ma-vt-1886-1972_c1daddc898
day3,3433,"ALEC RICHARDSON (ME, 1966 - )",1000,1500,500,3,3,https://live.thomastonauction.com/auction-lot/alec-richardson-me-1966_bf837c5ff6
day3,3356,"ALEXANDER BOWER (NY/ME/DE, 1875-1952)",4000,6000,2000,3,4,https://live.thomastonauction.com/auction-lot/alexander-bower-ny-me-de-1875-1952_e7c9952595
day3,3432,"ALISON RECTOR (CONTEMPORARY MAINE)",1500,2500,750,3,5,https://live.thomastonauction.com/auction-lot/alison-rector-contemporary-maine_446cfc0ef3
day3,3039,"ALUMACRAFT QUETICO 17 CANOE",400,600,100,3,2,https://live.thomastonauction.com/auction-lot/alumacraft-quetico-17-canoe_fd0871ecc5
day3,3488,"AMERICAN NAIVE LANDSCAPE PAINTING",300,400,100,3,4,https://live.thomastonauction.com/auction-lot/american-naive-landscape-painting_0749135a26
day3,3477,"ANDREW NEWELL WYETH (PA/ME, 1917-2019)",3000,4000,1500,3,3,https://live.thomastonauction.com/auction-lot/andrew-newell-wyeth-pa-me-1917-2019_4b8d8ab23e
day3,3479,"ANDREW NEWELL WYETH (PA/ME, 1917-2019)",1000,1500,500,3,2,https://live.thomastonauction.com/auction-lot/andrew-newell-wyeth-pa-me-1917-2019_9ce5922b25
day3,3478,"ANDREW NEWELL WYETH (PA/ME, 1917-2019)",2000,3000,1000,3,3,https://live.thomastonauction.com/auction-lot/andrew-newell-wyeth-pa-me-1917-2019_e03d4bd290
day3,3464,"ANDREW WINTER (MA 1893 - 1958), HOUSE ON MONHEGAN ISLAND",6000,8000,3000,3,4,https://live.thomastonauction.com/auction-lot/andrew-winter-ma-1893-1958-house-on-monhegan-isla_38b0d7d8bb
day3,3470,"ANDREW WYETH (PA/ME, 1917-2009)",1000,2000,500,3,5,https://live.thomastonauction.com/auction-lot/andrew-wyeth-pa-me-1917-2009_1f9c590fab
day3,3474,"ANDREW WYETH (PA/ME, 1917-2009)",1500,2500,750,3,4,https://live.thomastonauction.com/auction-lot/andrew-wyeth-pa-me-1917-2009_285fe06408
day3,3476,"ANDREW WYETH (PA/ME, 1917-2009)",1500,2500,750,3,5,https://live.thomastonauction.com/auction-lot/andrew-wyeth-pa-me-1917-2009_5057e1912d
day3,3473,"ANDREW WYETH (PA/ME, 1917-2009)",2000,3000,1000,3,3,https://live.thomastonauction.com/auction-lot/andrew-wyeth-pa-me-1917-2009_807f6049ed
day3,3475,"ANDREW WYETH (PA/ME, 1917-2009)",1500,2500,750,3,4,https://live.thomastonauction.com/auction-lot/andrew-wyeth-pa-me-1917-2009_a84ae29cbc
day3,3472,"ANDREW WYETH (PA/ME, 1917-2009)",2000,3000,1000,3,3,https://live.thomastonauction.com/auction-lot/andrew-wyeth-pa-me-1917-2009_e420e3b737
day3,3471,"ANDREW WYETH (PA/ME, 1917-2009)",2000,3000,1000,3,4,https://live.thomastonauction.com/auction-lot/andrew-wyeth-pa-me-1917-2009_f549f472aa
day3,3469,"ANDREW WYETH (PA/ME, 1917-2009)",1000,2000,500,3,2,https://live.thomastonauction.com/auction-lot/andrew-wyeth-pa-me-1917-2009_fd20676591
day3,3290,"ANDY WARHOL, (NY/PA, 1928-1987)",4000,5000,2000,3,3,https://live.thomastonauction.com/auction-lot/andy-warhol-ny-pa-1928-1987_bd6454caf2
day3,3456,"ANTHONY VAJS (ME, 1939-1979)",400,600,100,3,4,https://live.thomastonauction.com/auction-lot/anthony-vajs-me-1939-1979_197f4ed4c8
day3,3181,"ANTIQUE 10K GOLD MASONIC EGYPTIAN REVIVAL BROOCH",700,900,250,3,2,https://live.thomastonauction.com/auction-lot/antique-10k-gold-masonic-egyptian-revival-brooch_147f4c118a
day3,3097,"ANTIQUE 14K GOLD, DIAMOND AND SEED PEARL BROOCH/PENDANT",700,900,250,3,2,https://live.thomastonauction.com/auction-lot/antique-14k-gold-diamond-and-seed-pearl-brooch-pe_fb7666c55a
day3,3205,"ANTIQUE 14K GOLD ENAMELED PORTRAIT LOCKET PENDANT",1000,1500,500,3,3,https://live.thomastonauction.com/auction-lot/antique-14k-gold-enameled-portrait-locket-pendant_0f61ead2cc
day3,3073,"ANTIQUE 14K GOLD MONOGRAMMED PILL BOX",2000,2500,1000,3,2,https://live.thomastonauction.com/auction-lot/antique-14k-gold-monogrammed-pill-box_6dc8e8e4c9
day3,3210,"ANTIQUE 18K GOLD OPEN FACE PENDANT WATCH",600,800,250,3,2,https://live.thomastonauction.com/auction-lot/antique-18k-gold-open-face-pendant-watch_fb5d655f71
day3,3038,"ANTIQUE OLD TOWN CANOE",500,700,100,3,1,https://live.thomastonauction.com/auction-lot/antique-old-town-canoe_febba29ab0
day3,3006,"ANTOINE-LOUIS BARYE (FRANCE, 1795-1875)",1000,1500,500,3,8,https://live.thomastonauction.com/auction-lot/antoine-louis-barye-france-1795-1875_2ccecab193
day3,3011,"ANTOINE-LOUIS BARYE (FRANCE, 1795-1875)",1000,2000,500,3,4,https://live.thomastonauction.com/auction-lot/antoine-louis-barye-france-1795-1875_d8abcb35d4
day3,3140,"ARAM KOUPETSIAN (RUSSIA/USSR, 1928-2017)",400,600,100,3,2,https://live.thomastonauction.com/auction-lot/aram-koupetsian-russia-ussr-1928-2017_69735c6a92
day3,3070,"ART DECO 14K GOLD, DIAMOND, AND SAPPHIRE LINE BRACELET",3000,5000,1500,3,2,https://live.thomastonauction.com/auction-lot/art-deco-14k-gold-diamond-and-sapphire-line-brace_68b2dc38f8
day3,3209,"ART DECO PLATINUM, 14K GOLD AND DIAMOND BAR BROOCH",800,1200,250,3,2,https://live.thomastonauction.com/auction-lot/art-deco-platinum-14k-gold-and-diamond-bar-brooch_eb8447a53e
day3,3183,"ART DECO PLATINUM, DIAMOND, AND EMERALD BRACELET",3500,5000,1700,3,2,https://live.thomastonauction.com/auction-lot/art-deco-platinum-diamond-and-emerald-bracelet_04fcb54053
day3,3066,"ART DECO PLATINUM, DIAMOND, AND SAPPHIRE RING",1500,2000,750,3,2,https://live.thomastonauction.com/auction-lot/art-deco-platinum-diamond-and-sapphire-ring_5e9b6d6ca9
day3,3229,"ART NOUVEAU 14K GOLD ENAMELED MOTH PHOTO LOCKET BROOCH",1500,1800,750,3,3,https://live.thomastonauction.com/auction-lot/art-nouveau-14k-gold-enameled-moth-photo-locket-b_ad9c63ec70
day3,3363,"ARTHUR CADIEUX (ME, 1943-2013)",500,800,100,3,5,https://live.thomastonauction.com/auction-lot/arthur-cadieux-me-1943-2013_814f389c7b
day3,3467,"ATTRIBUTED TO CHARLES HERBERT WOODBURY (ME/MA, 1864-1940)",300,400,100,3,3,https://live.thomastonauction.com/auction-lot/attributed-to-charles-herbert-woodbury-me-ma-1864_fbd44360ef
day3,3280,"ATTRIBUTED TO LOUISE NEVELSON (NY/RUSSIA, 1899-1988)",2000,3000,1000,3,3,https://live.thomastonauction.com/auction-lot/attributed-to-louise-nevelson-ny-russia-1899-1988_9fd3da58c8
day3,3267,"AVINASH CHANDRA (UK/INDIA, 1931-1991)",3000,5000,1500,3,4,https://live.thomastonauction.com/auction-lot/avinash-chandra-uk-india-1931-1991_3cf0e3970f
day3,3268,"AVINASH CHANDRA (UK/INDIA, 1931-1991)",3000,5000,1500,3,4,https://live.thomastonauction.com/auction-lot/avinash-chandra-uk-india-1931-1991_a4b1550f4c
day3,3313,"BALANCED WOMAN STEEL SCULPTURE",800,1200,250,3,3,https://live.thomastonauction.com/auction-lot/balanced-woman-steel-sculpture_967bb58193
day3,3431,"BARBARA ERNST PREY (ME, 1957 - )",2000,3000,1000,3,3,https://live.thomastonauction.com/auction-lot/barbara-ernst-prey-me-1957_17156dc8bf
day3,3127,"BARBARA KASSEL (NY, 1952 - )",1200,1500,600,3,3,https://live.thomastonauction.com/auction-lot/barbara-kassel-ny-1952_aec3ba8c74
day3,3084,"BASIL RASHLEY EDE (DC/PA/UK, 1931-2016)",800,1200,250,3,4,https://live.thomastonauction.com/auction-lot/basil-rashley-ede-dc-pa-uk-1931-2016_634e30ed67
day3,3176,"BERNARD COREY (MA, 1914-2000)",1000,1500,500,3,4,https://live.thomastonauction.com/auction-lot/bernard-corey-ma-1914-2000_29a95feb48
day3,3081,"BESSIE POTTER VONNOH (NY/CT/MD, 1872-1955)",3000,5000,1500,3,4,https://live.thomastonauction.com/auction-lot/bessie-potter-vonnoh-ny-ct-md-1872-1955_23a2674525
day3,3438,"BJORN RUNQUIST (ME, 1948 - )",600,800,250,3,3,https://live.thomastonauction.com/auction-lot/bjorn-runquist-me-1948_9d6bac1169
day3,3460,"BRIAN WHITE (CONTEMPORARY MAINE, 1960- )",1000,1500,500,3,3,https://live.thomastonauction.com/auction-lot/brian-white-contemporary-maine-1960_0e768f373f
day3,3165,"BRONZE ART NOUVEAU PITCHER",2000,3000,1000,3,4,https://live.thomastonauction.com/auction-lot/bronze-art-nouveau-pitcher_2302bb10ef
day3,3018,"BRONZE BULLFROG GARDEN FOUNTAINHEAD",1000,1500,500,3,2,https://live.thomastonauction.com/auction-lot/bronze-bullfrog-garden-fountainhead_e2ce232d5e
day3,3023,"BRONZE COW SCULPTURE",400,600,100,3,2,https://live.thomastonauction.com/auction-lot/bronze-cow-sculpture_7efaaf8448
day3,3173,"BRONZE SCULPTURE OF LIONS ON GREEN MARBLE BASE",800,1200,250,3,3,https://live.thomastonauction.com/auction-lot/bronze-sculpture-of-lions-on-green-marble-base_a60d0b4803
day3,3289,"BRUNO LUCCHESI (NY, 1926-2016)",1000,1500,500,3,5,https://live.thomastonauction.com/auction-lot/bruno-lucchesi-ny-1926-2016_424051e78d
day3,3457,"CALI VEILLEUX (CONTEMPORARY MAINE)",800,1200,250,3,4,https://live.thomastonauction.com/auction-lot/cali-veilleux-contemporary-maine_50a6a3ba92
day3,3323,"""CAPLAN, 51"" MID-CENTURY MARKET SCENE",700,900,250,3,4,https://live.thomastonauction.com/auction-lot/caplan-51-mid-century-market-scene_8fc80087e5
day3,3324,"""CAPLAN, 52"" MID-CENTURY SHIPYARD SCENE",700,900,250,3,4,https://live.thomastonauction.com/auction-lot/caplan-52-mid-century-shipyard-scene_7b02256e36
day3,3322,"CAPLAN MID-CENTURY RAILYARD SCENE",700,900,250,3,4,https://live.thomastonauction.com/auction-lot/caplan-mid-century-railyard-scene_f658538543
day3,3443,"CARL SPRINCHORN (NY/ME/SWEDEEN, 1887-1971)",1500,2000,750,3,3,https://live.thomastonauction.com/auction-lot/carl-sprinchorn-ny-me-swedeen-1887-1971_8fa2a9a100
day3,3331,"CAROL SUMMERS (NY, 1925-2016)",400,600,100,3,3,https://live.thomastonauction.com/auction-lot/carol-summers-ny-1925-2016_decbaa4dba
day3,3446,"CAROLINE STEHLIN (NY/ME, 1877-1928)",2000,2500,1000,3,4,https://live.thomastonauction.com/auction-lot/caroline-stehlin-ny-me-1877-1928_b26408ec57
day3,3447,"CAROLINE STEHLIN (NY/ME, 1877-1928)",2000,2500,1000,3,4,https://live.thomastonauction.com/auction-lot/caroline-stehlin-ny-me-1877-1928_bf566da1c2
day3,3090,"CARRINGTON & CO. 18K GOLD, PLATINUM, JADE, AMETHYST AND DIAMOND THISTLE BROOCH",2000,3000,1000,3,3,https://live.thomastonauction.com/auction-lot/carrington-co-18k-gold-platinum-jade-amethyst-and_d57c21e58a
day3,3349,"CARROLL THAYER BERRY (ME, 1886-1978)",300,500,100,3,4,https://live.thomastonauction.com/auction-lot/carroll-thayer-berry-me-1886-1978_2a7acfc4ca
day3,3347,"CARROLL THAYER BERRY (ME, 1886-1978)",300,400,100,3,4,https://live.thomastonauction.com/auction-lot/carroll-thayer-berry-me-1886-1978_3bcc35dfad
day3,3351,"CARROLL THAYER BERRY (ME, 1886-1978)",12000,15000,6000,3,7,https://live.thomastonauction.com/auction-lot/carroll-thayer-berry-me-1886-1978_6e0bea8743
day3,3348,"CARROLL THAYER BERRY (ME, 1886-1978)",300,400,100,3,4,https://live.thomastonauction.com/auction-lot/carroll-thayer-berry-me-1886-1978_7a6cbfbacb
day3,3350,"CARROLL THAYER BERRY (ME, 1886-1978)",400,500,100,3,4,https://live.thomastonauction.com/auction-lot/carroll-thayer-berry-me-1886-1978_d424afc0e0
day3,3123,"CARTIER 18K YELLOW GOLD WOMAN'S COCKTAIL WRISTWATCH",3000,5000,1500,3,2,https://live.thomastonauction.com/auction-lot/cartier-18k-yellow-gold-womans-cocktail-wristwatch_1b4df5bdae
day3,3221,"CARVED LION HEAD MAHOGANY CURULE STOOL",500,700,100,3,3,https://live.thomastonauction.com/auction-lot/carved-lion-head-mahogany-curule-stool_b7a93fa5a0
day3,3027,"CARVED & PAINTED REPLICA CIGAR STORE INDIAN",500,700,100,3,1,https://live.thomastonauction.com/auction-lot/carved-painted-replica-cigar-store-indian_51522b2888
day3,3143,"CASED (56 PCS) REED & BARTON ""FRANCIS I"" PATTERN FLATWARE",3000,3500,1500,3,3,https://live.thomastonauction.com/auction-lot/cased-56-pcs-reed-barton-francis-i-pattern-flatwa_0c49d3cf7a
day3,3040,"CHAMPION 27-TON LOG-SPLITTER",1000,1500,500,3,3,https://live.thomastonauction.com/auction-lot/champion-27-ton-log-splitter_8c82507c8b
day3,3437,"CHARLES E. DUNCAN RODRICK (ME, 1874-c.1940)",300,400,100,3,4,https://live.thomastonauction.com/auction-lot/charles-e-duncan-rodrick-me-1874-after-1940_8b85273306
day3,3130,"CHARLES KECK (NY, 1875-1951)",600,800,250,3,3,https://live.thomastonauction.com/auction-lot/charles-keck-ny-1875-1951_ad611ddcfd
day3,3113,"CHARLES SHEPARD CHAPMAN (NY/NJ, 1879-1962)",2000,3000,1000,3,4,https://live.thomastonauction.com/auction-lot/charles-shepard-chapman-ny-nj-1879-1962_a35b47401b
day3,3083,"CHESTER BEACH (NY/CA/ITALY. 1881-1956)",1000,1500,500,3,3,https://live.thomastonauction.com/auction-lot/chester-beach-ny-ca-italy-1881-1956_308d7230ef
day3,3115,"CHESTER COLEMAN HAYES (NY/FRANCE, 1867-1947)",2000,3000,1000,3,4,https://live.thomastonauction.com/auction-lot/chester-coleman-hayes-ny-france-1867-1947_04eb89bfcf
day3,3175,"CHILMARK LTD EDITION MCGRORY NATIVE AMERICAN SCULPTURE",800,1200,250,3,5,https://live.thomastonauction.com/auction-lot/chilmark-ltd-edition-mcgrory-native-american-scul_134247e3eb
day3,3384,"CHRISTOPHER (CHRIS) HUNTINGTON (ME/OH, 1938 - )",2000,3000,1000,3,5,https://live.thomastonauction.com/auction-lot/christopher-chris-huntington-me-oh-1938_f02c131b77
day3,3100,"CIRCA 1900 BRONZE & CARVED ALABASTER CHANDELIER",800,1200,250,3,1,https://live.thomastonauction.com/auction-lot/circa-1900-bronze-carved-alabaster-chandelier_eb608a2606
day3,3076,"CIRCA 1900 GOLDEN OAK AMERICAN TALLCLOCK W/ CHIMES",3000,5000,1500,3,3,https://live.thomastonauction.com/auction-lot/circa-1900-golden-oak-american-tallclock-w-chimes_b8d90c1ac9
day3,3059,"CIRCA 1920 TABLE LAMP WITH REVERSE PAINTED GLASS SHADE",500,700,100,3,2,https://live.thomastonauction.com/auction-lot/circa-1920-table-lamp-with-reverse-painted-glass-_8879c9c01b
day3,3170,"CIRCA 1925 PORTRAIT OF A GYPSY GIRL, UNSIGNED",1500,2500,750,3,2,https://live.thomastonauction.com/auction-lot/circa-1925-portrait-of-a-gypsy-girl-unsigned_aefafe7945
day3,3116,"CLARA COHAN (NY/AZ/ME, 1956 - )",2000,3000,1000,3,3,https://live.thomastonauction.com/auction-lot/clara-cohan-ny-az-me-1956_66fdb85bd4
day3,3276,"CLYDE BUTCHER (FL, 1942 - )",3000,4000,1500,3,5,https://live.thomastonauction.com/auction-lot/clyde-butcher-fl-1942_d279c55156
day3,3013,"COFFEE POT TRADE SIGN",1000,2000,500,3,2,https://live.thomastonauction.com/auction-lot/coffee-pot-trade-sign_14f05e5427
day3,3422,"COLIN PAGE (ME, 1977 - )",1000,1500,500,3,4,https://live.thomastonauction.com/auction-lot/colin-page-me-1977_6c4887c046
day3,3421,"COLIN PAGE (ME, 1977 - )",1000,1500,500,3,4,https://live.thomastonauction.com/auction-lot/colin-page-me-1977_86bb5f1c04
day3,3419,"COLIN PAGE (ME, 1977 - )",800,1200,250,3,5,https://live.thomastonauction.com/auction-lot/colin-page-me-1977_c8d8590476
day3,3420,"COLIN PAGE (ME, 1977 - )",1000,1500,500,3,3,https://live.thomastonauction.com/auction-lot/colin-page-me-1977_da26a4967f
day3,3269,"CONTEMPORARY GRANITE TOP ARTS & CRAFTS STYLE DINING TABLE",1000,1500,500,3,2,https://live.thomastonauction.com/auction-lot/contemporary-granite-top-arts-crafts-style-dining_a548ca79ee
day3,3147,"CROSS 14K GOLD PEN & PENCIL SET IN ORIGINAL BOX",600,800,250,3,2,https://live.thomastonauction.com/auction-lot/cross-14k-gold-pen-pencil-set-in-original-box_43617ab56b
day3,3285,"CUBIST MARBLE SCULPTURE OF LOVERS",1000,1500,500,3,5,https://live.thomastonauction.com/auction-lot/cubist-marble-sculpture-of-lovers_8ef563006a
day3,3320,"CYNTHIA GOODMAN BRANTLEY (20TH C. NY)",1000,1500,500,3,3,https://live.thomastonauction.com/auction-lot/cynthia-goodman-brantley-20th-c-ny_0d0a7e4d19
day3,3319,"CYNTHIA GOODMAN BRANTLEY (20TH C. NY)",1000,1500,500,3,3,https://live.thomastonauction.com/auction-lot/cynthia-goodman-brantley-20th-c-ny_422becd62a
day3,3067,"DAN FRERE VINTAGE 14K GOLD AND DIAMOND FLOWER SPRAY BROOCH",1500,1800,750,3,2,https://live.thomastonauction.com/auction-lot/dan-frere-vintage-14k-gold-and-diamond-flower-spr_b15446e3e3
day3,3310,"DAN MILLER (WINTER HARBOR, MAINE)",700,900,250,3,3,https://live.thomastonauction.com/auction-lot/dan-miller-winter-harbor-maine_aa4053c59c
day3,3112,"DANIEL CHESTER FRENCH (MA/NY, 1850-1931)",2500,3500,1200,3,4,https://live.thomastonauction.com/auction-lot/daniel-chester-french-ma-ny-1850-1931_0b4c8d5ec6
day3,3252,"DANISH MODERN ROSEWOOD DESK BY PETER LOVIG NIELSEN",2000,2500,1000,3,6,https://live.thomastonauction.com/auction-lot/danish-modern-rosewood-desk-by-peter-lovig-nielsen_97896eec8d
day3,3264,"DANISH MODERN TEAK FALL FRONT DESK BY POVL DINESEN",600,800,250,3,3,https://live.thomastonauction.com/auction-lot/danish-modern-teak-fall-front-desk-by-povl-dinesen_2fcf419c76
day3,3338,"DARRYL NOREM (1949-2012)",500,700,100,3,5,https://live.thomastonauction.com/auction-lot/darryl-norem-1949-2012_2f0a667c41
day3,3315,"DAVID DAVIDOVICH BURLIUK (NY/UKRAINE - 1882-1967)",1000,1500,500,3,4,https://live.thomastonauction.com/auction-lot/david-davidovich-burliuk-ny-ukraine-1882-1967_8c514e8390
day3,3371,"DAVID DEWEY (ME/NY, 1946 - )",400,600,100,3,4,https://live.thomastonauction.com/auction-lot/david-dewey-me-ny-1946_0ddfe4a96f
day3,3368,"DAVID DEWEY (ME/NY, 1946 - )",400,600,100,3,4,https://live.thomastonauction.com/auction-lot/david-dewey-me-ny-1946_bf5bf33847
day3,3326,"DAVID HENNING LARSON (ME, 1931-2007)",700,900,250,3,4,https://live.thomastonauction.com/auction-lot/david-henning-larson-me-1931-2007_a366bd9353
day3,3292,"DAVID SCHNEUER (ISRAEL/GERMANY, 1915-1988)",2000,3000,1000,3,3,https://live.thomastonauction.com/auction-lot/david-schneuer-israel-germany-1915-1988_3440b2b55b
day3,3343,"DAVID SLEE (AMERICAN, B. 1947), RECLINING NUDE",600,800,250,3,3,https://live.thomastonauction.com/auction-lot/david-slee-american-b-1947-reclining-nude_c9eafc2666
day3,3385,"DENNIS GRIGGS PHOTO PORTFOLIO OF ROBERT INDIANA MAINE STUDIO",2500,5000,1200,3,5,https://live.thomastonauction.com/auction-lot/dennis-griggs-photo-portfolio-of-robert-indiana-m_4f70017d61
day3,3485,"DENNIS GRIGGS PHOTO PORTFOLIO OF WILLIAM ZORACH'S MAINE STUDIO",2500,5000,1200,3,5,https://live.thomastonauction.com/auction-lot/dennis-griggs-photo-portfolio-of-william-zorachs-_887890ff49
day3,3466,"DENNY SONKE WINTERS (NY/CA/ME/MI/MEXICO, 1905-1985)",800,1000,250,3,4,https://live.thomastonauction.com/auction-lot/denny-sonke-winters-ny-ca-me-mi-mexico-1905-1985_0b1045a1a5
day3,3465,"DENNY SONKE WINTERS (NY/CA/ME/MI/MEXICO, 1905-1985)",600,800,250,3,4,https://live.thomastonauction.com/auction-lot/denny-sonke-winters-ny-ca-me-mi-mexico-1905-1985_95dee47d47
day3,3003,"DIMITRI OMERSA UK LEATHER PIG OTTOMAN",700,900,250,3,3,https://live.thomastonauction.com/auction-lot/dimitri-omersa-uk-leather-pig-ottoman_0935584022
day3,3145,"DOMINICK & HAFF STERLING WATER PITCHER",1000,1200,500,3,3,https://live.thomastonauction.com/auction-lot/dominick-haff-sterling-water-pitcher_13bf67c5f7
day3,3450,"DON STONE (ME, 1929-2015)",800,1000,250,3,3,https://live.thomastonauction.com/auction-lot/don-stone-me-1929-2015_24f77e8203
day3,3451,"DON STONE NA (IA, 1929-2015) SARAH IN THE GARDEN",1000,1500,500,3,5,https://live.thomastonauction.com/auction-lot/don-stone-na-ia-1929-2015-sarah-in-the-garden_db1264fa9f
day3,3308,"DONALD CHARLES PENNEY (SOUTH GEORGIA, 1935-2022)",400,600,100,3,3,https://live.thomastonauction.com/auction-lot/donald-charles-penney-south-georgia-1935-2022_efafd2af47
day3,3309,"DONALD SUTHERLAND (EASTPORT, MAINE POTTERY)",600,800,250,3,3,https://live.thomastonauction.com/auction-lot/donald-sutherland-eastport-maine-pottery_d0996dccb6
day3,3096,"E. HOWARD WATCH CO. GOLD-FILLED OPEN FACE POCKET WATCH WITH CHAIN, BOX",500,700,100,3,10,https://live.thomastonauction.com/auction-lot/e-howard-watch-co-gold-filled-open-face-pocket-wa_b797b7707d
day3,3211,"EARLY 10K GOLD MOURNING BROOCH/PENDANT",400,600,100,3,1,https://live.thomastonauction.com/auction-lot/early-10k-gold-mourning-brooch-pendant_753d7eeda6
day3,3141,"EARLY 20TH C. EROTIC ENAMEL & SILVER CIGARETTE CASE",300,500,100,3,3,https://live.thomastonauction.com/auction-lot/early-20th-c-erotic-enamel-silver-cigarette-case_a3efb0fb59
day3,3197,"EARLY ART DECO PLATINUM AND DIAMOND RING",4000,5000,2000,3,2,https://live.thomastonauction.com/auction-lot/early-art-deco-platinum-and-diamond-ring_e28c2ee600
day3,3223,"EARLY BRONZE FIGURAL CHANDELIER",700,900,250,3,2,https://live.thomastonauction.com/auction-lot/early-bronze-figural-chandelier_e7b274f56d
day3,3068,"EDWARDIAN 14K GOLD, SAPPHIRE, PEARL, AND DIAMOND PENDANT NECKLACE",2000,3000,1000,3,3,https://live.thomastonauction.com/auction-lot/edwardian-14k-gold-sapphire-pearl-and-diamond-pen_62b18d9c66
day3,3213,"ELDRED WHEELER TIGER MAPLE DIMINUATIVE DROP LEAF TABLE",1000,1500,500,3,4,https://live.thomastonauction.com/auction-lot/eldred-wheeler-tiger-maple-diminuative-drop-leaf-_3e6ab83e3e
day3,3214,"ELDRED WHEELER TIGER MAPLE TALL CHEST",1500,2500,750,3,6,https://live.thomastonauction.com/auction-lot/eldred-wheeler-tiger-maple-tall-chest_55410c558d
day3,3177,"ELIZABETH CURTIS (NY, 1873-1946)",1000,1500,500,3,4,https://live.thomastonauction.com/auction-lot/elizabeth-curtis-ny-1873-1946_bedf189836
day3,3327,"ELIZABETH ""LIZ"" PEAK (VA, 1952 - )",800,1200,250,3,5,https://live.thomastonauction.com/auction-lot/elizabeth-liz-peak-va-1952_a9c47bf5a5
day3,3245,"ELLEN WINDEMUTH A ROMAN CARNELIAN INTAGLIO NECKLACE",300,500,100,3,3,https://live.thomastonauction.com/auction-lot/ellen-windemuth-a-roman-carnelian-intaglio-neckla_8d72c28b40
day3,3243,"ELLEN WINDEMUTH ROMAN TURQUOISE INTAGLIO PENDANT NECKLACE",300,500,100,3,3,https://live.thomastonauction.com/auction-lot/ellen-windemuth-roman-turquoise-intaglio-pendant-_3d68fba68e
day3,3244,"ELLEN WINDEMUTH SCARAB AND CENTAUR INTAGLIO NECKLACE",300,500,100,3,4,https://live.thomastonauction.com/auction-lot/ellen-windemuth-scarab-and-centaur-intaglio-neckl_3a3da88457
day3,3074,"ELSA PERETTI FOR TIFFANY & CO. 18K GOLD STARFISH BROOCH",1200,1500,600,3,6,https://live.thomastonauction.com/auction-lot/elsa-peretti-for-tiffany-co-18k-gold-starfish-bro_a309ef54cc
day3,3004,"EMANUEL FREMIET (FRANCE, 1824-1910)",500,700,100,3,3,https://live.thomastonauction.com/auction-lot/emanuel-fremiet-france-1824-1910_2d1253565b
day3,3007,"EMANUEL FREMIET (FRANCE, 1824-1910)",600,800,250,3,3,https://live.thomastonauction.com/auction-lot/emanuel-fremiet-france-1824-1910_5a4907fae7
day3,3415,"EMILY LANSINGH MUIR (IL/ME, 1904-2003)",300,500,100,3,1,https://live.thomastonauction.com/auction-lot/emily-lansingh-muir-il-me-1904-2003_f7e6ee6f5b
day3,3416,"EMILY MUIR (NY/ME, 1904-2003)",2500,3000,1200,3,4,https://live.thomastonauction.com/auction-lot/emily-muir-ny-me-1904-2003_46c8cca7db
day3,3382,"ERIC HOPKINS (ME/CT, 1951 - )",2000,3000,1000,3,5,https://live.thomastonauction.com/auction-lot/eric-hopkins-me-ct-1951_dc0625b9ae
day3,3405,"ERIK MINZNER (ME, CONTEMPORARY)",1000,2000,500,3,4,https://live.thomastonauction.com/auction-lot/erik-minzner-me-contemporary_9225a44bd7
day3,3157,"F.W. KRAUSE GOTHIC REVIVAL SIDE CHAIRS",1000,2000,500,3,2,https://live.thomastonauction.com/auction-lot/f-w-krause-gothic-revival-side-chairs_8ddc61b33c
day3,3321,"FERNAND LEGER (CT/CA/FRANCE, 1881-1955)",700,900,250,3,4,https://live.thomastonauction.com/auction-lot/fernand-leger-ct-ca-france-1881-1955_f001c12c03
day3,3132,"FERNAND OUILLON-CARRERE (CT/NY/FRANCE, 1879-1959",700,900,250,3,4,https://live.thomastonauction.com/auction-lot/fernand-ouillon-carrere-ct-ny-france-1879-1959_b936807262
day3,3005,"FISH SIGN WITH INSET SLATE",1500,2500,750,3,2,https://live.thomastonauction.com/auction-lot/fish-sign-with-inset-slate_7b2ef1deba
day3,3032,"FOOD VENDOR TRAILER",5000,10000,2500,3,4,https://live.thomastonauction.com/auction-lot/food-vendor-trailer_2063799695
day3,3218,"FOSTER CAMPOS AARON WILLARD STYLE BANJO CLOCK",1000,1500,500,3,4,https://live.thomastonauction.com/auction-lot/foster-campos-aaron-willard-style-banjo-clock_cbffe45752
day3,3099,"FRAMED FISCHER & MIEG PORCELAIN PLAQUE WITH HUNTING SCENE",1000,1500,500,3,4,https://live.thomastonauction.com/auction-lot/framed-fischer-mieg-porcelain-plaque-with-hunting_ee122bd221
day3,3079,"FRANCOIS LEON SICARD (FRANCE, 1862-1934)",3000,5000,1500,3,4,https://live.thomastonauction.com/auction-lot/francois-leon-sicard-france-1862-1934_173ab902e1
day3,3106,"FREDERICK CARDER FOR STEUBEN ""STRAWBERRY MANSION"" GLASS URN",800,1200,250,3,4,https://live.thomastonauction.com/auction-lot/frederick-carder-for-steuben-strawberry-mansion-g_aa45b86b9b
day3,3253,"FREDERICK LYNCH (ME,1935-2016)",1000,1500,500,3,3,https://live.thomastonauction.com/auction-lot/frederick-lynch-me-1935-2016_72595b59df
day3,3261,"FREDERICK LYNCH (ME,1935-2016)",1000,1500,500,3,3,https://live.thomastonauction.com/auction-lot/frederick-lynch-me-1935-2016_86ac880ba7
day3,3255,"FREDERICK LYNCH (ME,1935-2016)",1000,1500,500,3,4,https://live.thomastonauction.com/auction-lot/frederick-lynch-me-1935-2016_a026452b4a
day3,3263,"FREDERICK LYNCH (ME,1935-2016)",1000,1500,500,3,4,https://live.thomastonauction.com/auction-lot/frederick-lynch-me-1935-2016_acb46d5c3a
day3,3258,"FREDERICK LYNCH (ME,1935-2016)",1000,1500,500,3,3,https://live.thomastonauction.com/auction-lot/frederick-lynch-me-1935-2016_ca1c8a3086
day3,3251,"FREDERICK LYNCH (ME,1935-2016)",600,800,250,3,5,https://live.thomastonauction.com/auction-lot/frederick-lynch-me-1935-2016_e8758ba4a2
day3,3249,"FREDERICK LYNCH (ME,1935-2016)",400,600,100,3,4,https://live.thomastonauction.com/auction-lot/frederick-lynch-me-1935-2016_f86adcc3ef
day3,3021,"FRENCH BRONZE DESK STAND ON MARBLE BASE",800,1000,250,3,3,https://live.thomastonauction.com/auction-lot/french-bronze-desk-stand-on-marble-base_51acf553ab
day3,3442,"GAIL SPAIEN (CONTEMPORARY MAINE)",300,500,100,3,2,https://live.thomastonauction.com/auction-lot/gail-spaien-contemporary-maine_7d308988b2
day3,3061,"GEORG JENSEN STERLING SILVER COMPOTE",1000,1500,500,3,2,https://live.thomastonauction.com/auction-lot/georg-jensen-sterling-silver-compote_c8527113be
day3,3302,"GEORG KOLBE (GERMANY, 1877-1947)",2000,3000,1000,3,3,https://live.thomastonauction.com/auction-lot/georg-kolbe-germany-1877-1947_6c36710666
day3,3373,"GEORGE ENNIS (MO/NY 1884-1936) ""IDLE HOURS""",1000,2000,500,3,5,https://live.thomastonauction.com/auction-lot/george-ennis-mo-ny-1884-1936-idle-hours_ac209f8bb5
day3,3374,"GEORGE ENNIS (MO/NY 1884-1936) ""LOAFERS"" EASTPORT, ME 1928",1000,2000,500,3,5,https://live.thomastonauction.com/auction-lot/george-ennis-mo-ny-1884-1936-loafers-eastport-me-_44c5b0039b
day3,3393,"GEORGE KUNKEL (ME/MD, 1922-1984)",300,500,100,3,4,https://live.thomastonauction.com/auction-lot/george-kunkel-me-md-1922-1984_078159868f
day3,3092,"GEORGE LEDERMAN 18K GOLD, DIAMOND AND RUBY SHARK BROOCH",1500,2500,750,3,4,https://live.thomastonauction.com/auction-lot/george-lederman-18k-gold-diamond-and-ruby-shark-b_7a77daffef
day3,3380,"GEORGE M. HATHAWAY (ME/UK, 1852-1903)",700,900,250,3,4,https://live.thomastonauction.com/auction-lot/george-m-hathaway-me-uk-1852-1903_8901b87ff0
day3,3126,"GLADENBECK BRONZE AND IVORY FIGURE",750,1000,250,3,5,https://live.thomastonauction.com/auction-lot/gladenbeck-bronze-and-ivory-figure_2b1b09be58
day3,3146,"GORHAM HAND HAMMERED STERLING SILVER PITCHER",1200,1600,600,3,3,https://live.thomastonauction.com/auction-lot/gorham-hand-hammered-sterling-silver-pitcher_3bcf8ccd52
day3,3414,"GREG MORT (MD, 1952 - )",1000,1500,500,3,3,https://live.thomastonauction.com/auction-lot/greg-mort-md-1952_a50f386b10
day3,3413,"GREG MORT (MD, 1952 - )",600,800,250,3,2,https://live.thomastonauction.com/auction-lot/greg-mort-md-1952_a5944ef7ae
day3,3412,"GREG MORT (MD/ME, 1952 - )",500,700,100,3,3,https://live.thomastonauction.com/auction-lot/greg-mort-md-me-1952_f41c54758b
day3,3086,"GRETNA CAMPBELL (NY, 1922-1987)",3000,5000,1500,3,5,https://live.thomastonauction.com/auction-lot/gretna-campbell-ny-1922-1987_c0a2e04237
day3,3025,"GRUEN WATCH SHOP CLOCK FROM CHELSEA MASS.",300,400,100,3,2,https://live.thomastonauction.com/auction-lot/gruen-watch-shop-clock-from-chelsea-mass_c6cc6b622f
day3,3031,"GUINNESS PAINTED WOOD PRESENTATION PANEL (7' 11"")",800,1200,250,3,2,https://live.thomastonauction.com/auction-lot/guinness-painted-wood-presentation-panel-7-11_b68ee2d95e
day3,3286,"HANS MOLLER (PA/NY/GERMANY, 1905-2000)",1500,2000,750,3,4,https://live.thomastonauction.com/auction-lot/hans-moller-pa-ny-germany-1905-2000_f61412ad13
day3,3166,"HAROLD C. WOLCOTT (CT/NY, 1898-1977)",2000,3000,1000,3,4,https://live.thomastonauction.com/auction-lot/harold-c-wolcott-ct-ny-1898-1977_151bca1243
day3,3164,"HAROLD C. WOLCOTT (CT/NY, 1898-1977)",800,1200,250,3,4,https://live.thomastonauction.com/auction-lot/harold-c-wolcott-ct-ny-1898-1977_4c49329e28
day3,3168,"HAROLD C. WOLCOTT (CT/NY, 1898-1977)",3000,4000,1500,3,4,https://live.thomastonauction.com/auction-lot/harold-c-wolcott-ct-ny-1898-1977_6515072c0b
day3,3366,"HAROLD CONDON (ME/OH, 1892-1934)",250,350,50,3,5,https://live.thomastonauction.com/auction-lot/harold-condon-me-oh-1892-1934_bb05889c9f
day3,3429,"HARVEY PETERSON (CONTEMPORARY MAINE)",2000,3000,1000,3,4,https://live.thomastonauction.com/auction-lot/harvey-peterson-contemporary-maine_da4baa464e
day3,3445,"HELEN ST. CLAIRE (ME, 1931-2022)",500,700,100,3,4,https://live.thomastonauction.com/auction-lot/helen-st-claire-me-1931-2022_5dfc859254
day3,3404,"HENRIK MARTIN MEYER (NH/CT/ME, 1908-1972)",1000,1500,500,3,4,https://live.thomastonauction.com/auction-lot/henrik-martin-meyer-nh-ct-me-1908-1972_6571b5229c
day3,3222,"HEPPLEWHITE STYLE INLAID MAHOGANY SERVER",1000,1500,500,3,6,https://live.thomastonauction.com/auction-lot/hepplewhite-style-inlaid-mahogany-server_940a7868a2
day3,3071,"HSB 14K GOLD AND DIAMOND DOGWOOD FLOWER NECKLACE",800,1200,250,3,3,https://live.thomastonauction.com/auction-lot/hsb-14k-gold-and-diamond-dogwood-flower-necklace_e04c9afff5
day3,3110,"HUGO ROBUS (NY/OH, 1885-1964)",600,800,250,3,3,https://live.thomastonauction.com/auction-lot/hugo-robus-ny-oh-1885-1964_0fb8c16d23
day3,3108,"HUGO ROBUS (NY/OH, 1885-1964)",2000,3000,1000,3,3,https://live.thomastonauction.com/auction-lot/hugo-robus-ny-oh-1885-1964_93906cdcab
day3,3179,"IMPRESSIONIST PORTRAIT OF WOMAN SIGNED ""MCMANUS""",1000,1500,500,3,4,https://live.thomastonauction.com/auction-lot/impressionist-portrait-of-woman-signed-mcmanus_e9fbd85428
day3,3198,"INTERNATIONAL WATCH CO. 18K GOLD AUTOMATIC DE LUXE WRISTWATCH",800,1500,275,3,1,https://live.thomastonauction.com/auction-lot/international-watch-co-18k-gold-automatic-de-luxe_91f9d04f66
day3,3378,"IRA W. HAMILTON (EARLY 20TH C. MAINE)",600,800,250,3,5,https://live.thomastonauction.com/auction-lot/ira-w-hamilton-early-20th-c-maine_c5c7f95f16
day3,3014,"ISIDORE JULES BONHEUR (FRANCE, 1827-1901)",600,800,250,3,3,https://live.thomastonauction.com/auction-lot/isidore-jules-bonheur-france-1827-1901_cdd0644aa6
day3,3119,"ITALIAN 18K GOLD AND PEARL TORSADE NECKLACE",5000,7000,2500,3,7,https://live.thomastonauction.com/auction-lot/italian-18k-gold-and-pearl-torsade-necklace_2c2994b2e7
day3,3236,"ITALY 14K GOLD FIGARO LINK CHAIN NECKLACE",1900,2100,950,3,1,https://live.thomastonauction.com/auction-lot/italy-14k-gold-figaro-link-chain-necklace_794ef662d0
day3,3167,"J. CHESTER (SKIP) ARMSTRONG (OREGON)",20000,30000,10000,3,5,https://live.thomastonauction.com/auction-lot/j-chester-skip-armstrong-oregon_f2739d0531
day3,3174,"JACK CASSINETTO (CA, 1944-2018)",1500,2000,750,3,5,https://live.thomastonauction.com/auction-lot/jack-cassinetto-ca-1944-2018_afdd3b9d3a
day3,3107,"JACK CASSINETTO (SONORA CA, 1944-2018)",2000,3000,1000,3,4,https://live.thomastonauction.com/auction-lot/jack-cassinetto-sonora-ca-1944-2018_58035ba6f5
day3,3274,"JAMALI (INDIA/NY/FL, 1944 - )",600,800,250,3,2,https://live.thomastonauction.com/auction-lot/jamali-india-ny-fl-1944_c5f1bdef35
day3,3273,"JAMALI (INDIA/NY/FL, 1944 - )",2500,3500,1200,3,2,https://live.thomastonauction.com/auction-lot/jamali-india-ny-fl-1944_f2f82f80e9
day3,3295,"JAMES COIGNARD (FRANCE, 1925-2008)",1000,1500,500,3,4,https://live.thomastonauction.com/auction-lot/james-coignard-france-1925-2008_cf3511807a
day3,3376,"JAMES EDWARD FITZGERALD (MA/CA, 1899-1971)",8000,12000,4000,3,3,https://live.thomastonauction.com/auction-lot/james-edward-fitzgerald-ma-ca-1899-1971_32ced202dc
day3,3468,"JAMIE WYETH (PA/ME/DE, 1946 - )",800,1200,250,3,3,https://live.thomastonauction.com/auction-lot/jamie-wyeth-pa-me-de-1946_c64a4b1db3
day3,3339,"JAN EHRENWORTH (20TH-21ST C. MA)",300,500,100,3,5,https://live.thomastonauction.com/auction-lot/jan-ehrenworth-20th-21st-c-ma_51fdbb4b37
day3,3212,"JANE PETERSON (MA/NY/KS, 1876-1965)",5000,7500,2500,3,3,https://live.thomastonauction.com/auction-lot/jane-peterson-ma-ny-ks-1876-1965_e7a2c36429
day3,3367,"JAY CONNAWAY (ME/VT/AZ, 1893-1970)",2000,3000,1000,3,5,https://live.thomastonauction.com/auction-lot/jay-connaway-me-vt-az-1893-1970_1cee1e51df
day3,3383,"JILL HOY (LATE 20TH - EARLY 21ST C. MAINE)",4000,5000,2000,3,4,https://live.thomastonauction.com/auction-lot/jill-hoy-late-20th-early-21st-c-maine_5aaeec628e
day3,3291,"JOHN BISBEE (AMERICAN/MAINE, B. 1965), ""LEAF""",3000,4500,1500,3,1,https://live.thomastonauction.com/auction-lot/john-bisbee-american-maine-b-1965-leaf_cd06802b80
day3,3300,"JOHN BISBEE (ME, 1965 - )",3500,5500,1700,3,2,https://live.thomastonauction.com/auction-lot/john-bisbee-me-1965_519be759c2
day3,3235,"JOHN C. RINKER 14K GOLD MULTI-COLOR SAPPHIRE AND DIAMOND RING",1000,1500,500,3,2,https://live.thomastonauction.com/auction-lot/john-c-rinker-14k-gold-multi-color-sapphire-and-d_e0bcbdd90d
day3,3365,"JOHN PAUL CAPONIGRO (ME/MA, 1965 - )",1000,1200,500,3,3,https://live.thomastonauction.com/auction-lot/john-paul-caponigro-me-ma-1965_145f2b1408
day3,3271,"JOHN RUDGE (NY/ITALY/UK, 1925-1971)",1000,1500,500,3,4,https://live.thomastonauction.com/auction-lot/john-rudge-ny-italy-uk-1925-1971_57646d51d9
day3,3270,"JOHN RUDGE (NY/ITALY/UK, 1925-1971)",1000,1500,500,3,4,https://live.thomastonauction.com/auction-lot/john-rudge-ny-italy-uk-1925-1971_f8a72cccf3
day3,3364,"JOHN S. CAGGIANO (NY 1949- ) FISH BEACH",1000,1500,500,3,5,https://live.thomastonauction.com/auction-lot/john-s-caggiano-ny-1949-fish-beach_d2daab8bf4
day3,3129,"JOHN WHORF (MA, 1903-1959)",800,1000,250,3,3,https://live.thomastonauction.com/auction-lot/john-whorf-ma-1903-1959_06004cd4ae
day3,3296,"JOSEF WENZEL VIKTKOR JOSEPHU (NY/AUSTRIA, 1889-1970)",1000,1500,500,3,4,https://live.thomastonauction.com/auction-lot/josef-wenzel-viktkor-josephu-ny-austria-1889-1970_33a6097040
day3,3016,"JOSEPH HEINRICHS (GERMAN-AMERICAN, 1866-1937)",1000,1500,500,3,5,https://live.thomastonauction.com/auction-lot/joseph-heinrichs-german-american-1866-1937_a91ad50ca3
day3,3279,"JOY H. LAVILLE (UK/MEX, 1923 - )",8000,12000,4000,3,6,https://live.thomastonauction.com/auction-lot/joy-h-laville-uk-mex-1923_4a6c54e7aa
day3,3448,"JUANITA STEPHENS (MACHIAS, ME, 1918-2018)",200,400,50,3,4,https://live.thomastonauction.com/auction-lot/juanita-stephens-machias-me-1918-2018_5c10d58dbb
day3,3449,"JUANITA STEPHENS (MACHIAS, ME, 1918-2018)",800,1200,250,3,5,https://live.thomastonauction.com/auction-lot/juanita-stephens-machias-me-1918-2018_a47c58d1cf
day3,3002,"JULES MOIGNIEZ (FRANCE, 1935-1894)",500,700,100,3,3,https://live.thomastonauction.com/auction-lot/jules-moigniez-france-1935-1894_0d1ba49d47
day3,3390,"JULIA KELLY (CONTEMPORARY MAINE)",300,500,100,3,3,https://live.thomastonauction.com/auction-lot/julia-kelly-contemporary-maine_b2db2a03ad
day3,3439,"KARL SCHMIDT (MA/CA/CT, 1890-1962)",1500,2000,750,3,4,https://live.thomastonauction.com/auction-lot/karl-schmidt-ma-ca-ct-1890-1962_c4bb08542c
day3,3418,"KATHLEEN NOYES (CONTEMPORARY MAINE)",600,800,250,3,2,https://live.thomastonauction.com/auction-lot/kathleen-noyes-contemporary-maine_ed6f727cce
day3,3370,"KEN DEWAARD (CONTEMPORARY MAINE)",3000,3500,1500,3,5,https://live.thomastonauction.com/auction-lot/ken-dewaard-contemporary-maine_714b2af67c
day3,3369,"KEN DEWAARD (CONTEMPORARY MAINE)",2000,2500,1000,3,5,https://live.thomastonauction.com/auction-lot/ken-dewaard-contemporary-maine_9a30faaa43
day3,3346,"KEVIN BEERS (CONTEMPORARY MAINE)",750,1000,250,3,5,https://live.thomastonauction.com/auction-lot/kevin-beers-contemporary-maine_96ca7450fa
day3,3389,"KRIS JOHNSON (CONTEMPORARY MAINE)",300,400,100,3,5,https://live.thomastonauction.com/auction-lot/kris-johnson-contemporary-maine_ba689c847b
day3,3189,"LADY'S 18K GOLD ROLEX CELLINI WRISTWATCH",5000,7000,2500,3,2,https://live.thomastonauction.com/auction-lot/ladys-18k-gold-rolex-cellini-wristwatch_79cceb1c5d
day3,3208,"LADY'S EBEL WRISTWATCH",600,800,250,3,1,https://live.thomastonauction.com/auction-lot/ladys-ebel-wristwatch_658293bd13
day3,3010,"LARGE CARVED WOODEN TROUT TRADE SIGN, STAMPED F&S",300,500,100,3,1,https://live.thomastonauction.com/auction-lot/large-carved-wooden-trout-trade-sign-stamped-f-s_1c1b0366cc
day3,3042,"LARGE CAST STONE TORSO OF WOMAN",400,600,100,3,1,https://live.thomastonauction.com/auction-lot/large-cast-stone-torso-of-woman_f05ad4684d
day3,3486,"LARGE MAINE OIL PAINTING OF A FARM",800,1200,250,3,5,https://live.thomastonauction.com/auction-lot/large-maine-oil-painting-of-a-farm_acb150030d
day3,3022,"LARGE PAINTED TIN BASIN AS A GUINNESS & LOBSTER SIGN",1000,2000,500,3,2,https://live.thomastonauction.com/auction-lot/large-painted-tin-basin-as-a-guinness-lobster-sign_72a7271554
day3,3029,"LARGE POWERS IRISH WHISKEY BAR BACK PANEL",2000,3000,1000,3,3,https://live.thomastonauction.com/auction-lot/large-powers-irish-whiskey-bar-back-panel_c173fffecd
day3,3487,"LATE 19TH C. WATERCOLOR OF MAINE, UNSIGNED",300,400,100,3,3,https://live.thomastonauction.com/auction-lot/late-19th-c-watercolor-of-maine-unsigned_2043c800a5
day3,3172,"LAURA D. STROUD LADD (PA, 1864-1943)",1500,2000,750,3,5,https://live.thomastonauction.com/auction-lot/laura-d-stroud-ladd-pa-1864-1943_b2bd74b73d
day3,3440,"LAURENCE PHILIP SISSON (MA/ME/NM, 1928-2015)",500,700,100,3,3,https://live.thomastonauction.com/auction-lot/laurence-philip-sisson-ma-me-nm-1928-2015_325a25af68
day3,3441,"LAURENCE PHILIP SISSON (MA/ME/NM, 1928-2015)",1000,1500,500,3,4,https://live.thomastonauction.com/auction-lot/laurence-philip-sisson-ma-me-nm-1928-2015_95ea20acf5
day3,3265,"LE CORBUSIER (CHARLES EDOUARD JEANNERET), (FRANCE/SWITZ, 1887-1965)",800,1200,250,3,6,https://live.thomastonauction.com/auction-lot/le-corbusier-charles-edouard-jeanneret-france-swi_e728a96c85
day3,3266,"LE CORBUSIER LC4 CHAISE LOUNGE CHAIR RECLINER",800,1200,250,3,1,https://live.thomastonauction.com/auction-lot/le-corbusier-lc4-chaise-lounge-chair-recliner_6c959b065f
day3,3360,"LEO BROOKS (ME, 1909-1993)",1500,2500,750,3,3,https://live.thomastonauction.com/auction-lot/leo-brooks-me-1909-1993_08763040c8
day3,3359,"LEO BROOKS (ME, 1909-1993)",300,400,100,3,4,https://live.thomastonauction.com/auction-lot/leo-brooks-me-1909-1993_81f2bd9887
day3,3281,"LEO VILLAREAL (NY, 1967 - )",40000,60000,20000,3,4,https://live.thomastonauction.com/auction-lot/leo-villareal-ny-1967_29f66d8955
day3,3325,"LEONARD BASKIN (MA/NY, 1922-2000)",600,800,250,3,3,https://live.thomastonauction.com/auction-lot/leonard-baskin-ma-ny-1922-2000_1b30d851a2
day3,3328,"LEONARDO LASANSKY (IA, 1946 - )",700,900,250,3,4,https://live.thomastonauction.com/auction-lot/leonardo-lasansky-ia-1946_17e33bd2aa
day3,3333,"LEONARDO LASANSKY (IA, 1946 - )",600,800,250,3,4,https://live.thomastonauction.com/auction-lot/leonardo-lasansky-ia-1946_967f12de23
day3,3332,"LEONARDO LASANSKY ((IA, 1946 - )",400,600,100,3,4,https://live.thomastonauction.com/auction-lot/leonardo-lasansky-ia-1946_aea0bc59ff
day3,3135,"LEOPOLD EIDLITZ 19TH C. NY STATE ASSEMBLY CHAMBER DESK",2000,3000,1000,3,6,https://live.thomastonauction.com/auction-lot/leopold-eidlitz-19th-c-ny-state-assembly-chamber-_80d017e154
day3,3012,"LIFE SIZED RESIN BIRD SCULPTURE",300,500,100,3,3,https://live.thomastonauction.com/auction-lot/life-sized-resin-bird-sculpture_bdf23fedcd
day3,3262,"LIVE EDGE BLACK WALNUT COFFEE TABLE",500,700,100,3,2,https://live.thomastonauction.com/auction-lot/live-edge-black-walnut-coffee-table_0a27f574d4
day3,3254,"LIVE EDGE MAHOGANY SPINDLE BACK BENCH",600,800,250,3,3,https://live.thomastonauction.com/auction-lot/live-edge-mahogany-spindle-back-bench_32f4910135
day3,3257,"LIVE EDGE REDWOOD BURL PLANK COFFEE TABLE",400,600,100,3,1,https://live.thomastonauction.com/auction-lot/live-edge-redwood-burl-plank-coffee-table_cc648bd882
day3,3260,"LIVE EDGE TEAK ROOT HALL TABLE",500,700,100,3,2,https://live.thomastonauction.com/auction-lot/live-edge-teak-root-hall-table_b757ed27cd
day3,3134,"LOUIS MARIE MORET (FRANCE, 1818-1883)",2000,3000,1000,3,5,https://live.thomastonauction.com/auction-lot/louis-marie-moret-france-1818-1883_059960c5fe
day3,3312,"MARCO SPALATIN (NY/CROATIA, 1945 - )",2000,3000,1000,3,3,https://live.thomastonauction.com/auction-lot/marco-spalatin-ny-croatia-1945_ed431e7ee6
day3,3278,"MARGARET LEISHA ""META"" KILGALLEN (CA, 1967-2001)",8000,12000,4000,3,2,https://live.thomastonauction.com/auction-lot/margaret-leisha-meta-kilgallen-ca-1967-2001_8022313ae7
day3,3434,"MARGUERITE ROBICHAUX (ME/LA, 1950 - )",3000,5000,1500,3,5,https://live.thomastonauction.com/auction-lot/marguerite-robichaux-me-la-1950_ad250650f1
day3,3435,"MARGUERITE ROBICHAUX (ME/LA, 1950 - )",3000,5000,1500,3,5,https://live.thomastonauction.com/auction-lot/marguerite-robichaux-me-la-1950_b5f392f108
day3,3436,"MARGUERITE ROBICHAUX (STRATTON, ME. 1950- )",4000,6000,2000,3,6,https://live.thomastonauction.com/auction-lot/marguerite-robichaux-stratton-me-1950_c6eb141fed
day3,3481,"MARGUERITE ZORACH (NY/ME/CA, 1887-1968)",5000,7000,2500,3,5,https://live.thomastonauction.com/auction-lot/marguerite-zorach-ny-me-ca-1887-1968_635c031c51
day3,3336,"MARIA BERTRAN (CA, CONTEMPORARY)",3000,4000,1500,3,4,https://live.thomastonauction.com/auction-lot/maria-bertran-ca-contemporary_390c10bcab
day3,3293,"MARINO MARINI PORTFOLIO",300,500,100,3,6,https://live.thomastonauction.com/auction-lot/marino-marini-portfolio_846158a676
day3,3329,"MARJORIE MOORE (CASCO BAY, ME, 1944 - )",700,900,250,3,1,https://live.thomastonauction.com/auction-lot/marjorie-moore-casco-bay-me-1944_83d648654b
day3,3008,"MARJORIE MOORE (ME, 1944 - )",300,500,100,3,3,https://live.thomastonauction.com/auction-lot/marjorie-moore-me-1944_36d28dee90
day3,3307,"MARK HARRINGTON (FRANKLIN, MAINE)",2000,2500,1000,3,4,https://live.thomastonauction.com/auction-lot/mark-harrington-franklin-maine_e4ea1be16d
day3,3060,"MARQUETRY TABLE ATTRIBUTED TO JOHN JELLIFF, NEWARK, NJ",3000,4500,1500,3,4,https://live.thomastonauction.com/auction-lot/marquetry-table-attributed-to-john-jelliff-newark_eb22ed8c90
day3,3344,"MARY BARNES (CONTEMPORARY MAINE/OREGON)",600,800,250,3,4,https://live.thomastonauction.com/auction-lot/mary-barnes-contemporary-maine-oregon_ba7fd7cbf8
day3,3353,"MARY BOURKE (CONTEMPORARY MAINE)",1000,1500,500,3,6,https://live.thomastonauction.com/auction-lot/mary-bourke-contemporary-maine_9030ee7f42
day3,3355,"MARY BOURKE (ME, CONTEMPORARY)",1200,1600,600,3,4,https://live.thomastonauction.com/auction-lot/mary-bourke-me-contemporary_112f200bf2
day3,3354,"MARY BOURKE (ME, CONTEMPORARY)",1200,1600,600,3,4,https://live.thomastonauction.com/auction-lot/mary-bourke-me-contemporary_65fb0d7922
day3,3041,"MATCHED PAIR OF C1870 VICTORIAN CAST IRON GARDEN BENCHES",1500,2000,750,3,2,https://live.thomastonauction.com/auction-lot/matched-pair-of-c1870-victorian-cast-iron-garden-_dbdd287106
day3,3187,"MEN'S ROLEX 18K GOLD DAY-DATE WRISTWATCH",10000,14000,5000,3,2,https://live.thomastonauction.com/auction-lot/mens-rolex-18k-gold-day-date-wristwatch_b2bcf78094
day3,3288,"MERSAD BERBER (BOSNIA-HERZEGOVINA, 1940-2012)",1000,2000,500,3,4,https://live.thomastonauction.com/auction-lot/mersad-berber-bosnia-herzegovina-1940-2012_201fc7f154
day3,3459,"MICHAEL WATERMAN (ME, 1947 - )",300,400,100,3,4,https://live.thomastonauction.com/auction-lot/michael-waterman-me-1947_851d194585
day3,3125,"MILFORD ZORNES (CA, 1908-2008)",800,1200,250,3,3,https://live.thomastonauction.com/auction-lot/milford-zornes-ca-1908-2008_e4a8672ca1
day3,3030,"MILLS NOVELTY ART DECO CLUB BELL SLOT MACHINE",2000,3000,1000,3,5,https://live.thomastonauction.com/auction-lot/mills-novelty-art-deco-club-bell-slot-machine_4a5e1e3128
day3,3137,"MINIATURE RUSSIAN ICON OF ALEXANDER NEVSKY",300,500,100,3,2,https://live.thomastonauction.com/auction-lot/miniature-russian-icon-of-alexander-nevsky_83560fa9b1
day3,3430,"MOLLY PITKIN (NEWCASTLE, ME)",400,600,100,3,4,https://live.thomastonauction.com/auction-lot/molly-pitkin-newcastle-me_ae7eba47c1
day3,3101,"MONUMENTAL RUSSIAN/BALTIC SILVER SERVING TRAY",4000,6000,2000,3,2,https://live.thomastonauction.com/auction-lot/monumental-russian-baltic-silver-serving-tray_9742f9cc60
day3,3109,"MOSES SOYER (NY, 1899-1974)",2000,3000,1000,3,5,https://live.thomastonauction.com/auction-lot/moses-soyer-ny-1899-1974_57e6e430b0
day3,3381,"NANCY J. HILL (PROSPECT HARBOR, ME)",250,350,50,3,4,https://live.thomastonauction.com/auction-lot/nancy-j-hill-prospect-harbor-me_cd789aa9b2
day3,3316,"NANCY SKREKO MARTIN (IL, 1939 - )",300,400,100,3,2,https://live.thomastonauction.com/auction-lot/nancy-skreko-martin-il-1939_b0f7482379
day3,3394,"NAT LEVY (CA, 1896-1964)",400,600,100,3,3,https://live.thomastonauction.com/auction-lot/nat-levy-ca-1896-1964_404dbbc97d
day3,3395,"NAT LEWIS (AKA NATALIE BRUSH, ME, 1925-2015)",300,400,100,3,5,https://live.thomastonauction.com/auction-lot/nat-lewis-aka-natalie-brush-me-1925-2015_1d6baad880
day3,3396,"NAT LEWIS (AKA NATALIE BRUSH, ME, 1925-2015)",1500,2500,750,3,4,https://live.thomastonauction.com/auction-lot/nat-lewis-aka-natalie-brush-me-1925-2015_eb79d7e603
day3,3196,"OMEGA VINTAGE 18K GOLD DUAL REGISTER CHRONOGRAPH",1000,1600,500,3,4,https://live.thomastonauction.com/auction-lot/omega-vintage-18k-gold-dual-register-chronograph_68e1a3229a
day3,3001,,1000,1500,500,3,4,https://live.thomastonauction.com/auction-lot/omersa-for-abercrombie-fitch-rhino-ottoman_8508daba14
day3,3334,"OTTY MERRILL (TENANT'S HARBOR, ME/ NYC, 1947-2024))",600,800,250,3,3,https://live.thomastonauction.com/auction-lot/otty-merrill-tenants-harbor-me-nyc-1947-2024_b210e1605b
day3,3335,"OTTY MERRILL (TENANTS HARBOR, ME/ NYC)",300,400,100,3,3,https://live.thomastonauction.com/auction-lot/otty-merrill-tenants-harbor-me-nyc_1745bcabc2
day3,3017,"PAINTED WOOD PIG TRADE SIGN",1000,1500,500,3,2,https://live.thomastonauction.com/auction-lot/painted-wood-pig-trade-sign_0800c786be
day3,3040A,"PAIR OF GARGANTUAN ROMANESQUE YELLOW GARDEN URNS",1000,1500,500,3,1,https://live.thomastonauction.com/auction-lot/pair-of-gargantuan-romanesque-yellow-garden-urns_7c28419b64
day3,3075,"PALOMA PICASSO FOR TIFFANY & CO. 18K GOLD BROOCH",1200,1500,600,3,4,https://live.thomastonauction.com/auction-lot/paloma-picasso-for-tiffany-co-18k-gold-brooch_5c6aac0ced
day3,3259,"PAOLO SOLERI (ITALIAN-AMERICAN, 1919-2013), ARCOSANTI BRONZE WINDBELL",600,800,250,3,3,https://live.thomastonauction.com/auction-lot/paolo-soleri-italian-american-1919-2013-arcosanti_84f0be46d4
day3,3204,"PATEK PHILIPPE 18K GOLD CALATRAVA WRISTWATCH",6000,10000,3000,3,3,https://live.thomastonauction.com/auction-lot/patek-philippe-18k-gold-calatrava-wristwatch_667c9ac0f7
day3,3185,"PATEK PHILIPPE GOLDEN ELLIPSE 18K GOLD WRISTWATCH",8000,15000,4000,3,3,https://live.thomastonauction.com/auction-lot/patek-philippe-golden-ellipse-18k-gold-wristwatch_4ee74894d7
day3,3287,"PAUL MADDRELL (MAINE, 1948 - )",800,1200,250,3,4,https://live.thomastonauction.com/auction-lot/paul-maddrell-maine-1948_60aef7272f
day3,3131,"PAUL STRISIK (MA, 1918-1988)",700,900,250,3,4,https://live.thomastonauction.com/auction-lot/paul-strisik-ma-1918-1988_3852a58b2c
day3,3342,"PAULINE W. KRUETZFELDT (NY/GERMANY, 1947 - )",600,800,250,3,4,https://live.thomastonauction.com/auction-lot/pauline-w-kruetzfeldt-ny-germany-1947_28d8ba960d
day3,3283,"PETREA NOYES (NY, 1946 - )",6000,8000,3000,3,4,https://live.thomastonauction.com/auction-lot/petrea-noyes-ny-1946_48f52b33f4
day3,3284,"PETREA NOYES (NY, 1946 - )",2000,3000,1000,3,3,https://live.thomastonauction.com/auction-lot/petrea-noyes-ny-1946_e5bc894586
day3,3009,"PIERRE JULES MENE (FRANCE, 1810-1879)",600,800,250,3,3,https://live.thomastonauction.com/auction-lot/pierre-jules-mene-france-1810-1879_1818dcceb6
day3,3340,"PIERRE OLOFSSON (SWEDEN, 1921-1996)",600,800,250,3,3,https://live.thomastonauction.com/auction-lot/pierre-olofsson-sweden-1921-1996_7a98d0d090
day3,3154,"PLATINUM AND DIAMOND THREE STONE RING",2500,3000,1200,3,2,https://live.thomastonauction.com/auction-lot/platinum-and-diamond-three-stone-ring_789fe584fa
day3,3124,"PLATINUM DIAMOND THREE-STONE RING",3000,4000,1500,3,2,https://live.thomastonauction.com/auction-lot/platinum-diamond-three-stone-ring_5a14dc704b
day3,3026,"POWERS WHISKEY REVERSE PAINTED PUB SIGN",800,1200,250,3,2,https://live.thomastonauction.com/auction-lot/powers-whiskey-reverse-painted-pub-sign_45be3a1700
day3,3203,"PR 14K YELLOW GOLD RUBY EARRINGS",1000,1500,500,3,2,https://live.thomastonauction.com/auction-lot/pr-14k-yellow-gold-ruby-earrings_d2dfc79700
day3,3148,"PR 18K GOLD EARRINGS ATTRIBUTED TO LAPPONIA",1500,1800,750,3,1,https://live.thomastonauction.com/auction-lot/pr-18k-gold-earrings-attributed-to-lapponia_a5bce235f2
day3,3142,"PR 19TH C. JOHN JELLIF CARVED WALNUT ARMCHAIRS",600,800,250,3,4,https://live.thomastonauction.com/auction-lot/pr-19th-c-john-jellif-carved-walnut-armchairs_94d3c93f39
day3,3048,"PR URBAN ARCHEOLOGY CARGO PENDANT LIGHTS",2000,3000,1000,3,2,https://live.thomastonauction.com/auction-lot/pr-urban-archeology-cargo-pendant-lights_aa80a89903
day3,3105,"PR VICTORIAN DISPLAY PEDESTALS",600,800,250,3,3,https://live.thomastonauction.com/auction-lot/pr-victorian-display-pedestals_cc5e8dcba5
day3,3228,"PR VINTAGE JEAN MAHIE 22K GOLD AND DIAMOND EARCLIPS",3500,4500,1700,3,2,https://live.thomastonauction.com/auction-lot/pr-vintage-jean-mahie-22k-gold-and-diamond-earcli_f46b95384c
day3,3139,"PR YUDIN RUSSIAN BRASS SABBATH CANDLESTICKS",800,1200,250,3,2,https://live.thomastonauction.com/auction-lot/pr-yudin-russian-brass-sabbath-candlesticks_eb261bfb14
day3,3391,"R. M. KING (ME, 20th CENT.)",700,900,250,3,4,https://live.thomastonauction.com/auction-lot/r-m-king-me-20th-cent_f22a571247
day3,3361,"RAGNA BRUNO-TORKANOWSKY (20TH C. MAINE)",1000,1500,500,3,4,https://live.thomastonauction.com/auction-lot/ragna-bruno-torkanowsky-20th-c-maine_3af6954012
day3,3272,"RARE ART BOOK PICASSO LITHOS 1949-56 W/ (2) ORIG PRINTS",1000,1500,500,3,5,https://live.thomastonauction.com/auction-lot/rare-art-book-picasso-lithos-1949-56-w-2-orig-pri_99a489dd28
day3,3034,"RARE HARRIET WHITNEY FRISHMUTH SPEED CAR MASCOT BY GORHAM",3000,5000,1600,3,6,https://live.thomastonauction.com/auction-lot/rare-harriet-whitney-frishmuth-speed-car-mascot-b_9c655da77c
day3,3024,"RARE VINTAGE SEA GRIFFIN CAROUSEL FIGURE",3000,5000,1500,3,3,https://live.thomastonauction.com/auction-lot/rare-vintage-sea-griffin-carousel-figure_1cc959e166
day3,3306,"RAY CORBONE STONE AND WOOD TABLE",700,1000,250,3,2,https://live.thomastonauction.com/auction-lot/ray-corbone-stone-and-wood-table_198574b9c2
day3,3304,"RAY CORBONE STONE AND WOOD TABLE",700,1000,250,3,2,https://live.thomastonauction.com/auction-lot/ray-corbone-stone-and-wood-table_28b8561f9f
day3,3163,"REED & BARTON STERLING SILVER WATER PITCHER",1400,1600,700,3,3,https://live.thomastonauction.com/auction-lot/reed-barton-sterling-silver-water-pitcher_da029e6f10
day3,3064,"REPLICA TUTHANKAMUN THRONE",3000,4000,1500,3,5,https://live.thomastonauction.com/auction-lot/replica-tuthankamun-throne_1661d3df1a
day3,3458,"RICHARD A. VICKERSON (CONTEMPORARY CANADA)",2000,3000,1000,3,3,https://live.thomastonauction.com/auction-lot/richard-a-vickerson-contemporary-canada_24faac79bb
day3,3282,"RICHARD LINDNER (NY/GERMANY, 1901-1978)",1000,1500,500,3,4,https://live.thomastonauction.com/auction-lot/richard-lindner-ny-germany-1901-1978_04495e516e
day3,3277,"ROBERT BURNS MOTHERWELL (NY/CT/MA, 1915-1991)",2500,3500,1200,3,4,https://live.thomastonauction.com/auction-lot/robert-burns-motherwell-ny-ct-ma-1915-1991_d83efd4bde
day3,3247,"ROBERT C. STEINMETZ (CONTEMPORARY ME/BERMUDA)",1000,1500,500,3,3,https://live.thomastonauction.com/auction-lot/robert-c-steinmetz-contemporary-me-bermuda_79530d0f0d
day3,3372,"ROBERT DUNCAN (ME, 1944-2019)",600,800,250,3,3,https://live.thomastonauction.com/auction-lot/robert-duncan-me-1944-2019_65b5602a0c
day3,3386,"ROBERT INDIANA (NY/ME/IN, 1928-2018)",2000,3000,1000,3,4,https://live.thomastonauction.com/auction-lot/robert-indiana-ny-me-in-1928-2018_00714ce084
day3,3388,"ROBERT INDIANA (NY/ME/IN, 1928-2018)",4000,5000,2000,3,5,https://live.thomastonauction.com/auction-lot/robert-indiana-ny-me-in-1928-2018_37aea98d3f
day3,3387,"ROBERT INDIANA (NY/ME/IN, 1928-2018)",3000,5000,1500,3,4,https://live.thomastonauction.com/auction-lot/robert-indiana-ny-me-in-1928-2018_54eb8635b4
day3,3317,"ROBERT INDIANA (NY/ME/IN, 1928-2018)",2000,3000,1000,3,4,https://live.thomastonauction.com/auction-lot/robert-indiana-ny-me-in-1928-2018_89ff1e9a32
day3,3444,"ROBERT SPRING (ME, 1938-2016)",1000,1500,500,3,3,https://live.thomastonauction.com/auction-lot/robert-spring-me-1938-2016_fd4ba77732
day3,3377,"RON GOYETTE (ME, 1941-2002)",300,400,100,3,3,https://live.thomastonauction.com/auction-lot/ron-goyette-me-1941-2002_92208682ab
day3,3423,"RONAL A. PARLIN (ME, 1956 - )",1000,1500,500,3,4,https://live.thomastonauction.com/auction-lot/ronal-a-parlin-me-1956_cebc3b602e
day3,3424,"RONAL A. PARLIN (ME, 1956 - )",1000,1500,500,3,4,https://live.thomastonauction.com/auction-lot/ronal-a-parlin-me-1956_e01d6219b7
day3,3088,"RONALD GOLDFINGER (CA, 1946-2021)",2000,3000,1000,3,4,https://live.thomastonauction.com/auction-lot/ronald-goldfinger-ca-1946-2021_42af62bfaf
day3,3015,"ROSA BONHEUR (US/FRANCE, 1822-1899)",600,800,250,3,3,https://live.thomastonauction.com/auction-lot/rosa-bonheur-us-france-1822-1899_381577ea83
day3,3089,"RUSSELL WRAY (CA, 1955 - )",1200,1600,600,3,4,https://live.thomastonauction.com/auction-lot/russell-wray-ca-1955_83c38c4c14
day3,3087,"RUSSELL WRAY (CA, 1955 - )",1500,2000,750,3,3,https://live.thomastonauction.com/auction-lot/russell-wray-ca-1955_974588054c
day3,3085,"RUSSELL WRAY (NY, 1955 - )",4000,6000,2000,3,2,https://live.thomastonauction.com/auction-lot/russell-wray-ny-1955_1bf34ae34a
day3,3080,"S.C. YUAN (CA, 1911-1974)",6000,8000,3000,3,4,https://live.thomastonauction.com/auction-lot/s-c-yuan-ca-1911-1974_d6de928546
day3,3375,"SALLY CALDWELL FISHER (ME/MI, 1951 - )",1500,2500,750,3,5,https://live.thomastonauction.com/auction-lot/sally-caldwell-fisher-me-mi-1951_a99b6a2d7f
day3,3043,"SALTERINI ""RADAR"" IRON TETE-A-TETE BISTRO SET",500,700,100,3,1,https://live.thomastonauction.com/auction-lot/salterini-radar-iron-tete-a-tete-bistro-set_29673ea4e3
day3,3392,"SARAH KNOCK (ME, 1947 - )",1500,2000,750,3,4,https://live.thomastonauction.com/auction-lot/sarah-knock-me-1947_d695047d30
day3,3462,"SARAH WILDE (CONTEMPORARY AMERICAN)",1000,1500,500,3,2,https://live.thomastonauction.com/auction-lot/sarah-wilde-contemporary-american_145dcea372
day3,3461,"SARAH WILDE (CONTEMPORARY AMERICAN)",1000,1500,500,3,2,https://live.thomastonauction.com/auction-lot/sarah-wilde-contemporary-american_a05cb7192b
day3,3463,"SARAH WILDE (CONTEMPORARY AMERICAN)",1000,1500,500,3,3,https://live.thomastonauction.com/auction-lot/sarah-wilde-contemporary-american_dadc1155b4
day3,3411,"SCOTT MOORE (ME/DC, 1953 - )",750,1000,250,3,5,https://live.thomastonauction.com/auction-lot/scott-moore-me-dc-1953_12bbb39472
day3,3406,"SCOTT MOORE (ME/DC, 1953 - )",500,700,100,3,4,https://live.thomastonauction.com/auction-lot/scott-moore-me-dc-1953_16777189d2
day3,3410,"SCOTT MOORE (ME/DC, 1953 - )",1200,1500,600,3,6,https://live.thomastonauction.com/auction-lot/scott-moore-me-dc-1953_314ab5c630
day3,3407,"SCOTT MOORE (ME/DC, 1953 - )",1200,1500,600,3,4,https://live.thomastonauction.com/auction-lot/scott-moore-me-dc-1953_71526fb1b3
day3,3408,"SCOTT MOORE (ME/DC, 1953 - )",1200,1500,600,3,3,https://live.thomastonauction.com/auction-lot/scott-moore-me-dc-1953_78853ef00d
day3,3409,"SCOTT MOORE (ME/DC, 1953 - )",1200,1500,600,3,4,https://live.thomastonauction.com/auction-lot/scott-moore-me-dc-1953_fd846e5340
day3,3133,"SEARS GALLAGHER (MA, 1869-1955)",1000,1200,500,3,3,https://live.thomastonauction.com/auction-lot/sears-gallagher-ma-1869-1955_eb7a77a832
day3,3192,"SEIKO ""CAPTAIN WILLARD"" AUTOMATIC DIVE WATCH",2000,3000,1000,3,3,https://live.thomastonauction.com/auction-lot/seiko-captain-willard-automatic-dive-watch_7a6c9f36ab
day3,3330,"SERGIO HIGINIO GONZALEZ-TORNERO (NY/CHILE, 1927-2020)",600,800,250,3,5,https://live.thomastonauction.com/auction-lot/sergio-higinio-gonzalez-tornero-ny-chile-1927-2020_9fc0bab597
day3,3216,"SET OF (12) REGENCY STYLE SPIDER WEB CANE CHAIRS",1200,1800,600,3,4,https://live.thomastonauction.com/auction-lot/set-of-12-regency-style-spider-web-cane-chairs_caf350a83a
day3,3318,"(SET OF 4) VERDIGRIS IRON GARDEN CHAIRS",300,500,100,3,4,https://live.thomastonauction.com/auction-lot/set-of-4-verdigris-iron-garden-chairs_fafafc84ea
day3,3215,"(SET OF 7) D.R. DIMES WINDSOR CHAIRS IN BLACK PAINT",2000,2500,1000,3,3,https://live.thomastonauction.com/auction-lot/set-of-7-d-r-dimes-windsor-chairs-in-black-paint_30cc802de0
day3,3044,"SMALL CAST STONE NUDE TORSO OF WOMAN",300,400,100,3,2,https://live.thomastonauction.com/auction-lot/small-cast-stone-nude-torso-of-woman_21b324092f
day3,3111,"STAN PHILLIPS (NY/MA, 1923-2012)",2000,3000,1000,3,4,https://live.thomastonauction.com/auction-lot/stan-phillips-ny-ma-1923-2012_c2f6f23a14
day3,3114,"STEPHAN ABEL SINDING (FRANCE/NORWAY, 1846-1922)",2000,3000,1000,3,5,https://live.thomastonauction.com/auction-lot/stephan-abel-sinding-france-norway-1846-1922_a776388cb6
day3,3275,"THOMAS MOLESWORTH (KS, 1890-1977) CHAIR",7000,10000,3500,3,6,https://live.thomastonauction.com/auction-lot/thomas-molesworth-ks-1890-1977-chair_0e237b52c0
day3,3246,"THOS. MOSER CABINETMAKERS ""NEW GLOUCESTER"" ROCKER",800,1200,250,3,3,https://live.thomastonauction.com/auction-lot/thos-moser-cabinetmakers-new-gloucester-rocker_0968669e10
day3,3053,"TIFFANY & CO. HAMMERED STERLING JAPONESQUE PITCHER",3000,5000,1500,3,3,https://live.thomastonauction.com/auction-lot/tiffany-co-hammered-sterling-japonesque-pitcher_8f413f34a4
day3,3057,"TIFFANY & CO. ""ST. JAMES"" PATTERN STERLING ICE TONGS",600,800,250,3,3,https://live.thomastonauction.com/auction-lot/tiffany-co-st-james-pattern-sterling-ice-tongs_a8e79c4651
day3,3058,"TIFFANY & CO. STERLING ""HAMILTON"" CREAMER & SUGAR SET",600,800,250,3,2,https://live.thomastonauction.com/auction-lot/tiffany-co-sterling-hamilton-creamer-sugar-set_932049382e
day3,3055,"TIFFANY & CO. STERLING OVAL FOOTED CENTER BOWL",1400,1600,700,3,3,https://live.thomastonauction.com/auction-lot/tiffany-co-sterling-oval-footed-center-bowl_0b36038540
day3,3051,"TIFFANY STUDIOS ""ACORN"" PATTERN LEADED GLASS LAMP SHADE",3000,5000,1500,3,3,https://live.thomastonauction.com/auction-lot/tiffany-studios-acorn-pattern-leaded-glass-lamp-s_9ad9d18f42
day3,3052,"TIFFANY STUDIOS BRONZE HARP FLOOR LAMP BASE",2000,3000,1000,3,2,https://live.thomastonauction.com/auction-lot/tiffany-studios-bronze-harp-floor-lamp-base_78be75da07
day3,3049,"TIFFANY STUDIOS LAMP",25000,35000,12000,3,8,https://live.thomastonauction.com/auction-lot/tiffany-studios-lamp_f421dfd127
day3,3050,"TIFFANY STUDIOS ""PINE NEEDLE"" JEWELRY BOX",1500,2500,750,3,4,https://live.thomastonauction.com/auction-lot/tiffany-studios-pine-needle-jewelry-box_d8f13cfbb5
day3,3297,"TIM NGUYEN (20TH-21ST C. HONOULU)",400,600,100,3,2,https://live.thomastonauction.com/auction-lot/tim-nguyen-20th-21st-c-honoulu_13cd381227
day3,3298,"TIM NGUYEN (20TH-21ST C. HONOULU)",5000,7000,2500,3,4,https://live.thomastonauction.com/auction-lot/tim-nguyen-20th-21st-c-honoulu_13d37f4da9
day3,3299,"TIM NGUYEN (20TH-21ST C. HONOULU)",1000,1500,500,3,5,https://live.thomastonauction.com/auction-lot/tim-nguyen-20th-21st-c-honoulu_32985457af
day3,3128,"TOM BENNETT (CA, 1928- )",600,800,250,3,3,https://live.thomastonauction.com/auction-lot/tom-bennett-ca-1928_721a438b4a
day3,3305,"TOM PAIEMENT (BATH, MAINE)",800,1000,250,3,3,https://live.thomastonauction.com/auction-lot/tom-paiement-bath-maine_9ef146eef8
day3,3303,"TOM PAIEMENT (BATH, MAINE)",2000,2500,1000,3,7,https://live.thomastonauction.com/auction-lot/tom-paiement-bath-maine_f5a25f0e19
day3,3190,"TWO TONE BREITLING CHRONOMAT WRISTWATCH",2500,4000,1200,3,3,https://live.thomastonauction.com/auction-lot/two-tone-breitling-chronomat-wristwatch_4ac83dd80c
day3,3294,"UNIDENTIFIED MID-CENTURY ABSTRACT EXPRESSIONIST PAINTING FROM JOHN NICHOLAS BROWN COLLECTION",10000,20000,5000,3,5,https://live.thomastonauction.com/auction-lot/unidentified-mid-century-abstract-expressionist-p_de7d24af38
day3,3417,"VANESSA NESVIG (ME, CONTEMPORARY)",300,500,100,3,4,https://live.thomastonauction.com/auction-lot/vanessa-nesvig-me-contemporary_05c85aa323
day3,3357,"VERNON BROE (IL/ME 1930-2011)",800,1000,250,3,3,https://live.thomastonauction.com/auction-lot/vernon-broe-il-me-1930-2011_13f7afcbfd
day3,3358,"VERNON GEORGE BROE (ME/IL, 1930-2011)",800,1200,250,3,3,https://live.thomastonauction.com/auction-lot/vernon-george-broe-me-il-1930-2011_2ebace4a22
day3,3159,"VICTORIAN BLACK WALNUT 2-PART SECRETARY BOOKCASE",1000,1500,500,3,4,https://live.thomastonauction.com/auction-lot/victorian-black-walnut-2-part-secretary-bookcase_9a1fa97fb9
day3,3241,"VICTORIAN GOLD AND MOTHER-OF-PEARL LORGNETTE, DATED 1850",600,800,250,3,2,https://live.thomastonauction.com/auction-lot/victorian-gold-and-mother-of-pearl-lorgnette-date_0b4b7b33eb
day3,3046,"VICTORIAN HOLLOW LEAD GARDEN SCULPTURE OF SATYR",400,600,100,3,1,https://live.thomastonauction.com/auction-lot/victorian-hollow-lead-garden-sculpture-of-satyr_6ce0fae902
day3,3098,"VICTORIAN LAMINATED ROSEWOOD GENT'S CHAIR",600,800,250,3,3,https://live.thomastonauction.com/auction-lot/victorian-laminated-rosewood-gents-chair_969e474089
day3,3219,"VICTORIAN MARBLE TOP CENTER TABLE",800,1000,250,3,3,https://live.thomastonauction.com/auction-lot/victorian-marble-top-center-table_3d2d4517fe
day3,3102,"VICTORIAN WALNUT ETAGERE",800,1200,250,3,3,https://live.thomastonauction.com/auction-lot/victorian-walnut-etagere_2721fb5938
day3,3062,"VICTORIAN WALNUT PARLOR TABLE",1000,1500,500,3,3,https://live.thomastonauction.com/auction-lot/victorian-walnut-parlor-table_223ceb4669
day3,3078,"VICTORIAN WALNUT POOL TABLE",2500,3500,1200,3,4,https://live.thomastonauction.com/auction-lot/victorian-walnut-pool-table_fa501e1093
day3,3379,"VINCENT ANDREW HARTGEN (ME/PA, 1914-2003)",600,800,250,3,4,https://live.thomastonauction.com/auction-lot/vincent-andrew-hartgen-me-pa-1914-2003_97806d814b
day3,3065,"VINTAGE 14K GOLD ABACUS PENDANT NECKLACE",1200,1500,600,3,2,https://live.thomastonauction.com/auction-lot/vintage-14k-gold-abacus-pendant-necklace_5ab2a4a4d7
day3,3237,"VINTAGE 14K GOLD AND DIAMOND BRACELET",2500,3000,1200,3,2,https://live.thomastonauction.com/auction-lot/vintage-14k-gold-and-diamond-bracelet_f718d35c31
day3,3072,"VINTAGE 14K GOLD AND PEARL GRAPE CLUSTER BROOCH",700,900,250,3,2,https://live.thomastonauction.com/auction-lot/vintage-14k-gold-and-pearl-grape-cluster-brooch_50d25fb885
day3,3184,"VINTAGE 14K GOLD DIAMOND SOLITAIRE RING",1000,2000,500,3,3,https://live.thomastonauction.com/auction-lot/vintage-14k-gold-diamond-solitaire-ring_61b1052d59
day3,3201,"VINTAGE 14K GOLD, TANZANITE, AND DIAMOND RING",1000,2000,500,3,2,https://live.thomastonauction.com/auction-lot/vintage-14k-gold-tanzanite-and-diamond-ring_3c0b5fc1ea
day3,3199,"VINTAGE 14K GOLD TWO DIAMOND BYPASS RING",2000,2500,1000,3,2,https://live.thomastonauction.com/auction-lot/vintage-14k-gold-two-diamond-bypass-ring_e81a21499d
day3,3180,"VINTAGE 14K YELLOW GOLD, PALLADIUM AND DIAMOND SOLITAIRE RING",4000,6000,2000,3,4,https://live.thomastonauction.com/auction-lot/vintage-14k-yellow-gold-palladium-and-diamond-sol_32e0590ba1
day3,3156,"VINTAGE 18K GOLD AND DIAMOND GREEK KEY DESIGN JEWELRY SUITE",8000,10000,4000,3,1,https://live.thomastonauction.com/auction-lot/vintage-18k-gold-and-diamond-greek-key-design-jew_9538cf6c51
day3,3182,"VINTAGE 18K GOLD, EMERALD AND DIAMOND RING",2000,3000,1000,3,3,https://live.thomastonauction.com/auction-lot/vintage-18k-gold-emerald-and-diamond-ring_baf8c5a119
day3,3045,"VINTAGE (5 PC) WROUGHT IRON DINING SET",800,1200,250,3,1,https://live.thomastonauction.com/auction-lot/vintage-5-pc-wrought-iron-dining-set_fede3d5693
day3,3206,"VINTAGE BREITLING TOP TIME CHRONOGRAPH WRISTWATCH",3000,4000,1500,3,2,https://live.thomastonauction.com/auction-lot/vintage-breitling-top-time-chronograph-wristwatch_383a6a23c2
day3,3207,"VINTAGE GUCCI 18K WHITE GOLD AND BLUE TOPAZ RING",1500,2500,750,3,2,https://live.thomastonauction.com/auction-lot/vintage-gucci-18k-white-gold-and-blue-topaz-ring_2d939afd24
day3,3202,"VINTAGE HAMILTON CROSS COUNTRY WRISTWATCH",800,1000,250,3,2,https://live.thomastonauction.com/auction-lot/vintage-hamilton-cross-country-wristwatch_e2a2c25bd9
day3,3158,"VINTAGE JAEGER LECOULTRE ATMOS MANTEL CLOCK",400,600,100,3,6,https://live.thomastonauction.com/auction-lot/vintage-jaeger-lecoultre-atmos-mantel-clock_2c9ae94bc7
day3,3225,"VINTAGE JEAN MAHIE 22K GOLD LINK NECKLACE",6000,8000,3000,3,3,https://live.thomastonauction.com/auction-lot/vintage-jean-mahie-22k-gold-link-necklace_f8669fae5d
day3,3227,"VINTAGE JEAN MAHIE 22K GOLD MASK PENDANT",4500,5500,2200,3,2,https://live.thomastonauction.com/auction-lot/vintage-jean-mahie-22k-gold-mask-pendant_ebd605cd10
day3,3226,"VINTAGE JEAN MAHIE 22K GOLD PENDANT",5500,7000,2750,3,2,https://live.thomastonauction.com/auction-lot/vintage-jean-mahie-22k-gold-pendant_e82ccfc9e9
day3,3224,"VINTAGE JEAN MAHIE 22K GOLD SCULPTURAL BELT BUCKLE",6000,8000,3500,3,2,https://live.thomastonauction.com/auction-lot/vintage-jean-mahie-22k-gold-sculptural-belt-buckle_1998f1148d
day3,3028,"VINTAGE JENNINGS ""STANDARD CHIEF"" SLOT MACHINE",1000,2000,500,3,6,https://live.thomastonauction.com/auction-lot/vintage-jennings-standard-chief-slot-machine_e65767e34d
day3,3122,"VINTAGE PLATINUM AND DIAMOND SPRAY BROOCH",15000,20000,7500,3,2,https://live.thomastonauction.com/auction-lot/vintage-platinum-and-diamond-spray-brooch_34cbbb01c8
day3,3230,"VINTAGE PLATINUM EMERALD-CUT DIAMOND THREE-STONE RING",5000,7000,2500,3,2,https://live.thomastonauction.com/auction-lot/vintage-platinum-emerald-cut-diamond-three-stone-_116120d2f1
day3,3239,"VINTAGE ROLEX DATEJUST WATCH",8000,10000,4000,3,5,https://live.thomastonauction.com/auction-lot/vintage-rolex-datejust-watch_10d74c6ff0
day3,3341,"W. ANTHONY EVANKO (COLOMBIA/NY/NM, 1953 - )",300,400,100,3,2,https://live.thomastonauction.com/auction-lot/w-anthony-evanko-colombia-ny-nm-1953_38afc4b805
day3,3248,"W. KOHLER MESQUITE FLOOR LAMP WITH PIERCED COPPER SHADE",500,700,100,3,3,https://live.thomastonauction.com/auction-lot/w-kohler-mesquite-floor-lamp-with-pierced-copper-_06e8b1d488
day3,3428,"WALDO PEIRCE (MA/UK/ITALY, 1856-1925)",8000,12000,4000,3,5,https://live.thomastonauction.com/auction-lot/waldo-peirce-ma-uk-italy-1856-1925_1617dd54a5
day3,3427,"WALDO PEIRCE (MA/UK/ITALY, 1856-1925)",4000,6000,2000,3,6,https://live.thomastonauction.com/auction-lot/waldo-peirce-ma-uk-italy-1856-1925_307489fe31
day3,3425,"WALDO PEIRCE (NY/MA/ME, 1884-1970)",1000,1500,500,3,5,https://live.thomastonauction.com/auction-lot/waldo-peirce-ny-ma-me-1884-1970_64e105d106
day3,3426,"WALDO PEIRCE (NY/ME/MA, 1884-1970)",1000,1500,500,3,5,https://live.thomastonauction.com/auction-lot/waldo-peirce-ny-me-ma-1884-1970_c4953b1ea0
day3,3020,"WHITE'S UTICA STONEWARE ADVERTISING WINE CANTEEN",200,300,50,3,2,https://live.thomastonauction.com/auction-lot/whites-utica-stoneware-advertising-wine-canteen_389810d871
day3,3162,"WHITING STERLING SILVER BRIDE'S BASKET",1400,1600,700,3,2,https://live.thomastonauction.com/auction-lot/whiting-sterling-silver-brides-basket_488196e515
day3,3037,"WILDERNESS SYSTEMS TSUNAMI 45 KAYAK",800,1200,250,3,2,https://live.thomastonauction.com/auction-lot/wilderness-systems-tsunami-45-kayak_ee03186572
day3,3171,"WILERID CIRICUS CARVED STONE MERMAID SCULPTURE",500,700,100,3,3,https://live.thomastonauction.com/auction-lot/wilerid-ciricus-carved-stone-mermaid-sculpture_c9955934e8
day3,3337,"WILL MENTOR (VT/MA, 1958 - )",400,600,100,3,5,https://live.thomastonauction.com/auction-lot/will-mentor-vt-ma-1958_cd9660945c
day3,3362,"WILLIAM BRYANT (ME, 1906-1997)",800,1200,250,3,3,https://live.thomastonauction.com/auction-lot/william-bryant-me-1906-1997_4729d4235e
day3,3403,"WILLIAM J MALONEY, (MA 1932 - )",1000,1500,500,3,5,https://live.thomastonauction.com/auction-lot/william-j-maloney-ma-1932_3cdb5c3b2f
day3,3077,"WILLIAM SPRATLING STERLING & ROSEWOOD TRINKET BOX",400,600,100,3,3,https://live.thomastonauction.com/auction-lot/william-spratling-sterling-rosewood-trinket-box_001a9f1961
day3,3345,"WILLIAM STERNA BARRETT (NY/ME, 1854-1927)",300,500,100,3,5,https://live.thomastonauction.com/auction-lot/william-sterna-barrett-ny-me-1854-1927_7f1fbf3795
day3,3454,"WILLIAM THON (ME/NY/ITALY, 1906-2000)",2500,3000,1200,3,6,https://live.thomastonauction.com/auction-lot/william-thon-me-ny-italy-1906-2000_68d6828c03
day3,3453,"WILLIAM THON (ME/NY/ITALY, 1906-2000)",2000,3000,1000,3,5,https://live.thomastonauction.com/auction-lot/william-thon-me-ny-italy-1906-2000_8afafad96f
day3,3455,"WILLIAM THON (ME/NY/ITALY, 1906-2000)",15000,20000,7500,3,6,https://live.thomastonauction.com/auction-lot/william-thon-me-ny-italy-1906-2000_90180b2c02
day3,3452,"WILLIAM THON (ME/NY/ITALY, 1906-2000)",2000,3000,1000,3,4,https://live.thomastonauction.com/auction-lot/william-thon-me-ny-italy-1906-2000_ba52a0534b
day3,3484,"WILLIAM ZORACH, (NY/CA/ME, 1887-1966)",800,1000,250,3,3,https://live.thomastonauction.com/auction-lot/william-zorach-ny-ca-me-1887-1966_adcd23d06a
day3,3482,"WILLIAM ZORACH (NY/CA/ME, 1887-1966)",1500,2500,750,3,3,https://live.thomastonauction.com/auction-lot/william-zorach-ny-ca-me-1887-1966_db3623b565
day3,3483,"WILLIAM ZORACH (NY/CA/ME, 1887-1966)",1500,2000,750,3,3,https://live.thomastonauction.com/auction-lot/william-zorach-ny-ca-me-1887-1966_f09b13390f
